username,repo,additions,deletions,commits,net_lines,status
wyli,Project-MONAI/MONAI,0,0,0,0,error_202
Nic-Ma,Project-MONAI/MONAI,0,0,0,0,error_202
KumoLiu,Project-MONAI/MONAI,0,0,0,0,error_202
bradymiller,openemr/openemr,0,0,0,0,exception: 'NoneType' object is not subscriptable
sjpadgett,openemr/openemr,0,0,0,0,exception: 'NoneType' object is not subscriptable
stephenwaite,openemr/openemr,0,0,0,0,exception: 'NoneType' object is not subscriptable
GwonHyeok,OpenHealthForAll/open-health,0,0,0,0,error_202
pu-re,OpenHealthForAll/open-health,14890,2636,44,12254,success
Macleykun,OpenHealthForAll/open-health,145,139,7,6,success
alistairewj,MIT-LCP/mimic-code,0,0,0,0,error_202
tompollard,MIT-LCP/mimic-code,0,0,0,0,error_202
a-chahin,MIT-LCP/mimic-code,0,0,0,0,error_202
jawalonoski,synthetichealth/synthea,0,0,0,0,error_202
dehall,synthetichealth/synthea,0,0,0,0,error_202
eedrummer,synthetichealth/synthea,0,0,0,0,error_202
teetone,stanford-crfm/helm,98574,49315,1118,49259,success
yifanmai,stanford-crfm/helm,0,0,0,0,error_202
percyliang,stanford-crfm/helm,30318,20725,314,9593,success
AnalogJ,fastenhealth/fasten-onprem,0,0,0,0,error_202
alexszilagyi,fastenhealth/fasten-onprem,0,0,0,0,error_202
packagr-io[bot],fastenhealth/fasten-onprem,0,0,0,0,error_202
jamesagnew,hapifhir/hapi-fhir,0,0,5632,0,success
tadgh,hapifhir/hapi-fhir,0,0,1101,0,success
fil512,hapifhir/hapi-fhir,0,0,861,0,success
codyebberson,medplum/medplum,0,0,0,0,error_202
mattwiller,medplum/medplum,0,0,0,0,error_202
ThatOneBro,medplum/medplum,0,0,0,0,error_202
PSchmiedmayer,StanfordBDHG/HealthGPT,0,0,0,0,error_202
varunshenoy,StanfordBDHG/HealthGPT,0,0,0,0,error_202
vishnuravi,StanfordBDHG/HealthGPT,0,0,0,0,error_202
awatson1978,node-on-fhir/cookbook,219221,206858,2972,12363,success
jkingok,node-on-fhir/cookbook,0,0,0,0,error_202
brylie,node-on-fhir/cookbook,0,0,0,0,error_202
dkayiwa,openmrs/openmrs-core,0,0,2091,0,success
wluyima,openmrs/openmrs-core,0,0,1521,0,success
rkorytkowski,openmrs/openmrs-core,0,0,954,0,success
brendankowitz,microsoft/fhir-server,0,0,0,0,error_202
LTA-Thinking,microsoft/fhir-server,0,0,0,0,error_202
ycq091044,sunlabuiuc/PyHealth,0,0,0,0,exception: 'NoneType' object is not subscriptable
zzachw,sunlabuiuc/PyHealth,0,0,0,0,exception: 'NoneType' object is not subscriptable
pat-jj,sunlabuiuc/PyHealth,0,0,0,0,error_202
narupley,nextgenhealthcare/connect,0,0,0,0,error_202
lmillergithub,nextgenhealthcare/connect,0,0,0,0,error_202
brentmoen,nextgenhealthcare/connect,0,0,0,0,error_202
dsuch,zatosource/zato,0,0,14185,0,success
ivaano,zatosource/zato,0,0,178,0,success
dw,zatosource/zato,0,0,145,0,success
clairblacketer,OHDSI/CommonDataModel,0,0,0,0,error_202
gowthamrao,OHDSI/CommonDataModel,0,0,0,0,error_202
fdefalco,OHDSI/CommonDataModel,71181,105661,12,-34480,success
matteovivona,HospitalRun/hospitalrun,0,0,0,0,error_202
fox1t,HospitalRun/hospitalrun,0,0,0,0,error_202
nickgeorge,google/fhir,0,0,0,0,error_202
aaronnash,google/fhir,0,0,0,0,error_202
sundberg,google/fhir,0,0,0,0,error_202
marcovisserFurore,FirelyTeam/firely-net-sdk,0,0,0,0,error_202
mmsmits,FirelyTeam/firely-net-sdk,0,0,0,0,error_202
wmrutten,FirelyTeam/firely-net-sdk,0,0,0,0,exception: 'NoneType' object is not subscriptable
Xiaoyu-SZ,ubicomplab/rPPG-Toolbox,42169,86301,67,-44132,success
xliucs,ubicomplab/rPPG-Toolbox,10736,5654,55,5082,success
yahskapar,ubicomplab/rPPG-Toolbox,12218,6430,39,5788,success
carmrui,google/simhospital,0,0,0,0,error_202
sonjoonho,google/simhospital,0,0,0,0,error_202
jordan83,google/simhospital,0,0,0,0,error_202
p2,smart-on-fhir/client-py,0,0,0,0,error_202
mikix,smart-on-fhir/client-py,0,0,0,0,error_202
ducu,smart-on-fhir/client-py,0,0,0,0,error_202
grahamegrieve,HL7/fhir,0,0,1602,0,success
riksmithies,HL7/fhir,0,0,1229,0,success
jdlnolen,HL7/fhir,0,0,1069,0,success
leite08,metriport/metriport,0,0,4393,0,success
RamilGaripov,metriport/metriport,0,0,3607,0,success
Orta21,metriport/metriport,0,0,2521,0,success
qingyu-qc,ncbi-nlp/BioSentVec,0,0,0,0,error_202
qingyu-chen,ncbi-nlp/BioSentVec,0,0,0,0,error_202
kaushikacharya,ncbi-nlp/BioSentVec,0,0,0,0,error_202
yfpeng,ncbi-nlp/bluebert,93,11,9,82,success
cskyan,ncbi-nlp/bluebert,1042,3,2,1039,success
sfanxiang,pliang279/MultiBench,0,0,0,0,error_202
lvyiwei1,pliang279/MultiBench,0,0,0,0,error_202
pliang279,pliang279/MultiBench,2637,1592,165,1045,success
ant0nsc,microsoft/InnerEye-DeepLearning,46192,24393,108,21799,success
Shruthi42,microsoft/InnerEye-DeepLearning,0,0,0,0,error_202
peterhessey,microsoft/InnerEye-DeepLearning,0,0,0,0,error_202
Santosh-Gupta,re-search/DocProduct,0,0,0,0,error_202
JayYip,re-search/DocProduct,0,0,0,0,error_202
ash3n,re-search/DocProduct,0,0,0,0,error_202
jingtang10,google/android-fhir,738103,379430,740,358673,success
joiskash,google/android-fhir,9348,3935,195,5413,success
santosh-pingle,google/android-fhir,30849,9041,172,21808,success
F1mc,FudanDISC/DISC-MedLLM,0,0,0,0,error_202
lemuria-wchen,FudanDISC/DISC-MedLLM,0,0,0,0,error_202
eltociear,FudanDISC/DISC-MedLLM,0,0,0,0,error_202
mwithi,informatici/openhospital,0,0,0,0,error_202
mizzioisf,informatici/openhospital,14280,12363,54,1917,success
pviotti,informatici/openhospital,4531335,4471748,40,59587,success
renovate[bot],microsoft/dicom-server,0,0,0,0,error_202
wsugarman,microsoft/dicom-server,0,0,0,0,error_202
nazrulworld,nazrulworld/fhir.resources,0,0,0,0,error_202
Tshimanga,nazrulworld/fhir.resources,0,0,0,0,error_202
iatechicken,nazrulworld/fhir.resources,0,0,0,0,error_202
sowu880,microsoft/FHIR-Converter,0,0,0,0,error_202
CaitlinV39,microsoft/FHIR-Converter,0,0,0,0,error_202
ShaunDonn2,microsoft/FHIR-Converter,0,0,0,0,error_202
isaacmg,isaacmg/healthcare_ml,439,96,100,343,success
nahidalam,isaacmg/healthcare_ml,0,0,0,0,error_202
dbabjaxy,isaacmg/healthcare_ml,3,0,1,3,success
jamesagnew,hapifhir/hapi-fhir-jpaserver-starter,0,0,0,0,error_202
dotasek,hapifhir/hapi-fhir-jpaserver-starter,0,0,0,0,exception: 'NoneType' object is not subscriptable
jkiddo,hapifhir/hapi-fhir-jpaserver-starter,0,0,0,0,exception: 'NoneType' object is not subscriptable
DrShushen,vanderschaarlab/mlforhealthlabpub,0,0,0,0,error_202
bcebere,vanderschaarlab/mlforhealthlabpub,3683,51495,12,-47812,success
robsdavis,vanderschaarlab/mlforhealthlabpub,7,1,2,6,success
niquola,FHIR/fhir.js,0,0,0,0,error_202
jmandel,FHIR/fhir.js,0,0,0,0,error_202
maksym,FHIR/fhir.js,0,0,0,0,error_202
kexinhuang12345,kexinhuang12345/clinicalBERT,0,0,0,0,error_202
leopold-franz,kexinhuang12345/clinicalBERT,0,0,0,0,error_202
hurcy,hurcy/awesome-ehr-deeplearning,0,0,0,0,error_202
leej35,hurcy/awesome-ehr-deeplearning,8,0,2,8,success
wooheaven,hurcy/awesome-ehr-deeplearning,0,0,0,0,not_contributor
ruchamahabal,earthians/marley,33725,26040,230,7685,success
akurungadam,earthians/marley,48009,28501,236,19508,success
Sajinsr,earthians/marley,0,0,0,0,error_202
818000,839128/bus,0,0,0,0,error_202
opensource-emr,opensource-emr/hospital-management-emr,0,0,0,0,error_202
nageshbb,opensource-emr/hospital-management-emr,0,0,0,0,error_202
MenkaChaugule,opensource-emr/hospital-management-emr,0,0,0,0,error_202
jonterrylee,bluehalo/node-fhir-server-core,0,0,0,0,error_202
zeevo,bluehalo/node-fhir-server-core,1104690,972387,68,132303,success
imdrt,bluehalo/node-fhir-server-core,0,0,0,0,error_202
w-is-h,CogStack/OpenGPT,0,0,0,0,error_202
LinglongQian,CogStack/OpenGPT,0,0,0,0,error_202
tompollard,MIT-LCP/eicu-code,0,0,0,0,error_202
alistairewj,MIT-LCP/eicu-code,22766,4336,68,18430,success
obadawi,MIT-LCP/eicu-code,122,32,17,90,success
lmsurpre,LinuxForHealth/FHIR,0,0,0,0,error_202
prb112,LinuxForHealth/FHIR,0,0,0,0,error_202
JohnTimm,LinuxForHealth/FHIR,0,0,0,0,error_202
mlapshin,fhirbase/fhirbase,0,0,0,0,error_202
niquola,fhirbase/fhirbase,0,0,0,0,error_202
ruscoder,fhirbase/fhirbase,551,198,7,353,success
wlad,ehrbase/ehrbase,0,0,0,0,error_202
chevalleyc,ehrbase/ehrbase,526111,26865,326,499246,success
stefanspiska,ehrbase/ehrbase,103658,567868,308,-464210,success
johnpaulett,johnpaulett/python-hl7,0,0,0,0,error_202
rectalogic,johnpaulett/python-hl7,2920,1478,17,1442,success
joseph-wortmann,johnpaulett/python-hl7,3960,548,11,3412,success
Zethson,theislab/ehrapy,0,0,0,0,error_202
Imipenem,theislab/ehrapy,13377,8228,156,5149,success
lrasmy,ZhiGroup/Med-BERT,0,0,0,0,error_202
ZhiGroup,ZhiGroup/Med-BERT,0,0,0,0,error_202
o0windseed0o,ZhiGroup/Med-BERT,12,10,2,2,success
jamesagnew,hapifhir/hapi-hl7v2,0,0,0,0,error_202
ohr,hapifhir/hapi-hl7v2,0,0,0,0,error_202
fil512,hapifhir/hapi-hl7v2,0,0,0,0,error_202
nguyen102,awslabs/fhir-works-on-aws-deployment,0,0,0,0,error_202
rsmayda,awslabs/fhir-works-on-aws-deployment,0,0,0,0,error_202
duaneedwards,nHapiNET/nHapi,0,0,0,0,error_202
milkshakeuk,nHapiNET/nHapi,11551176,5194017,99,6357159,success
ant0nsc,microsoft/hi-ml,0,0,0,0,error_202
kenza-bouzid,microsoft/hi-ml,0,0,0,0,error_202
fepegar,microsoft/hi-ml,0,0,0,0,error_202
brynrhodes,cqframework/clinical_quality_language,0,0,0,0,error_202
cmoesel,cqframework/clinical_quality_language,0,0,0,0,error_202
JPercival,cqframework/clinical_quality_language,0,0,0,0,error_202
paperchae,remotebiosensing/rppg,0,0,0,0,error_202
SpicyYeol,remotebiosensing/rppg,0,0,0,0,error_202
najy97,remotebiosensing/rppg,0,0,0,0,error_202
jamesmullenbach,jamesmullenbach/caml-mimic,0,0,0,0,error_202
bcebere,medtorch/awesome-healthcare-ai,0,0,0,0,error_202
FMCalisto,medtorch/awesome-healthcare-ai,0,0,0,0,error_202
Rhuax,medtorch/awesome-healthcare-ai,0,0,0,0,error_202
onejune2018,onejune2018/Awesome-Medical-Healthcare-Dataset-For-LLM,0,0,0,0,error_202
sowu880,microsoft/Tools-for-Health-Data-Anonymization,0,0,0,0,error_202
chrisribe,microsoft/Tools-for-Health-Data-Anonymization,17693,17566,32,127,success
feordin,microsoft/Tools-for-Health-Data-Anonymization,81,81,13,0,success
cmark,b2ihealthcare/snow-owl,0,0,9039,0,success
apeteri,b2ihealthcare/snow-owl,0,0,2962,0,success
nagyo,b2ihealthcare/snow-owl,0,0,1077,0,success
bradymiller,LibreHealthIO/lh-ehr,0,0,0,0,error_202
teryhill,LibreHealthIO/lh-ehr,0,0,0,0,error_202
sunsetsystems,LibreHealthIO/lh-ehr,0,0,0,0,error_202
kennethmyhra,FirelyTeam/spark,382614,460333,897,-77719,success
mharthoorn,FirelyTeam/spark,0,0,0,0,error_202
jingsliu,NYUMedML/DeepEHR,0,0,0,0,error_202
narges-rzv,NYUMedML/DeepEHR,0,0,0,0,error_202
jackzhu727,NYUMedML/GNN_for_EHR,0,0,0,0,error_202
GanjinZero,GanjinZero/ChineseEHRBert,0,0,0,0,error_202
zp9763,GanjinZero/ChineseEHRBert,0,0,0,0,error_202
code-for-papers,BiomedSciAI/histocartography,49973,82250,617,-32277,success
afoncubierta,BiomedSciAI/histocartography,0,0,0,0,error_202
pushpak-pati,BiomedSciAI/histocartography,107,98,14,9,success
iamarunbrahma,iamarunbrahma/finetuned-qlora-falcon7b-medical,0,0,0,0,error_202
svituz,crs4/hl7apy,0,0,0,0,error_202
ghira,crs4/hl7apy,59794,18,8,59776,success
sloria,crs4/hl7apy,38,21,6,17,success
mehak25,healthylaife/MIMIC-IV-Data-Pipeline,1192582,1021459,78,171123,success
bgallamoza,healthylaife/MIMIC-IV-Data-Pipeline,0,0,0,0,error_202
VarshaDanduri,healthylaife/MIMIC-IV-Data-Pipeline,0,0,0,0,error_202
roman-kh,analysiscenter/cardio,0,0,0,0,error_202
dpodvyaznikov,analysiscenter/cardio,2182,2347,62,-165,success
alexanderkuvaev,analysiscenter/cardio,0,0,0,0,not_contributor
mingze-yuan,mingze-yuan/Awesome-LLM-Healthcare,0,0,0,0,error_202
pengbao7598,mingze-yuan/Awesome-LLM-Healthcare,0,0,0,0,error_202
starmpcc,mingze-yuan/Awesome-LLM-Healthcare,0,0,0,0,error_202
diehlbw,epic-open-source/seismometer,37536,19121,34,18415,success
MahmoodEtedadi,epic-open-source/seismometer,20473,2074,27,18399,success
gbowlin,epic-open-source/seismometer,21813,15009,29,6804,success
imbenham,masslight/ottehr,0,0,0,0,error_202
VladMstv,masslight/ottehr,0,0,0,0,error_202
szaccagni,masslight/ottehr,0,0,0,0,error_202
rpolyano,GoogleCloudPlatform/healthcare-data-harmonization,0,0,0,0,error_202
ygupta89,GoogleCloudPlatform/healthcare-data-harmonization,0,0,0,0,error_202
yeweidaniel,GoogleCloudPlatform/healthcare-data-harmonization,8069,559,24,7510,success
hansenms,microsoft/fhir-server-samples,60978,42620,50,18358,success
JoeDRowan,microsoft/fhir-server-samples,26,3,5,23,success
edaaydinea,edaaydinea/AI-Projects-for-Healthcare,0,0,0,0,error_202
ansh-srivastava,edaaydinea/AI-Projects-for-Healthcare,1,1,1,0,success
robi56,robi56/Survival-Analysis-using-Deep-Learning,76,5,6,71,success
havakv,robi56/Survival-Analysis-using-Deep-Learning,0,0,0,0,error_202
AyedSamy,owkin/FLamby,0,0,0,0,error_202
regloeb,owkin/FLamby,643212,29066,56,614146,success
sssilvar,owkin/FLamby,0,0,0,0,error_202
PSchmiedmayer,StanfordSpezi/Spezi,0,0,0,0,error_202
bauer-andreas,StanfordSpezi/Spezi,0,0,0,0,error_202
lukaskollmer,StanfordSpezi/Spezi,130,129,4,1,success
jamesagnew,FirelyTeam/fhirstarters,0,0,0,0,error_202
mbaltus,FirelyTeam/fhirstarters,0,0,0,0,error_202
ryanbaldwin,FirelyTeam/fhirstarters,0,0,0,0,error_202
ruscoder,beda-software/fhir-py,0,0,0,0,error_202
mkizesov,beda-software/fhir-py,14163,66203,103,-52040,success
ir4y,beda-software/fhir-py,623,306,32,317,success
ppazos,ppazos/cabolabs-ehrserver,0,0,0,0,error_202
casiodbx,ppazos/cabolabs-ehrserver,4278,2966,9,1312,success
echosalik,ppazos/cabolabs-ehrserver,59,26,4,33,success
senaranya,senaranya/HL7,0,0,0,0,error_202
jay-knight,senaranya/HL7,0,0,0,0,error_202
skeemer,senaranya/HL7,0,0,0,0,error_202
grahamegrieve,HealthIntersections/fhirserver,0,0,0,0,error_202
costateixeira,HealthIntersections/fhirserver,521328,72612,130,448716,success
jmandel,HealthIntersections/fhirserver,552,279,39,273,success
bashir2,google/fhir-data-pipes,0,0,0,0,error_202
chandrashekar-s,google/fhir-data-pipes,205146,164515,42,40631,success
p2-apple,apple/FHIRModels,815749,67492,13,748257,success
cary-apple,apple/FHIRModels,1118,3,1,1115,success
xliucs,xliucs/MTTS-CAN,0,0,0,0,error_202
Miking98,som-shahlab/ehrshot-benchmark,27769,19213,119,8556,success
rthapa84,som-shahlab/ehrshot-benchmark,3045,136,5,2909,success
EthanSteinberg,som-shahlab/ehrshot-benchmark,0,0,0,0,error_202
alexanderkiel,samply/blaze,0,0,0,0,error_202
renovate[bot],samply/blaze,0,0,0,0,error_202
allentiak,samply/blaze,0,0,0,0,error_202
KadenMc,bowang-lab/ecg-fm,0,0,0,0,error_202
Level60Warlock,cerner/smart-on-fhir-tutorial,0,0,0,0,error_202
kpshek,cerner/smart-on-fhir-tutorial,0,0,0,0,error_202
kolkheang,cerner/smart-on-fhir-tutorial,0,0,0,0,error_202
unixoid,oehf/ipf,0,0,0,0,error_202
ohr,oehf/ipf,0,0,0,0,error_202
stanojevic-boris,oehf/ipf,0,0,0,0,error_202
p2,smart-on-fhir/fhir-parser,0,0,0,0,error_202
palfrey,smart-on-fhir/fhir-parser,0,0,0,0,error_202
mikix,smart-on-fhir/fhir-parser,0,0,0,0,error_202
bkaney,Vermonster/fhir-kit-client,0,0,0,0,error_202
Jammjammjamm,Vermonster/fhir-kit-client,0,0,0,0,error_202
isaacvetter,cds-hooks/docs,0,0,0,0,error_202
lord,cds-hooks/docs,0,0,0,0,error_202
kpshek,cds-hooks/docs,3823,3387,175,436,success
jawalonoski,fhir-crucible/fhir_client,0,0,0,0,error_202
arscan,fhir-crucible/fhir_client,0,0,0,0,error_202
andrequina,fhir-crucible/fhir_client,0,0,0,0,error_202
grahamegrieve,hapifhir/org.hl7.fhir.core,0,0,0,0,error_202
dotasek,hapifhir/org.hl7.fhir.core,0,0,0,0,error_202
markiantorno,hapifhir/org.hl7.fhir.core,0,0,0,0,error_202
jawalonoski,inferno-framework/fhir_client,0,0,0,0,error_202
arscan,inferno-framework/fhir_client,0,0,0,0,error_202
andrequina,inferno-framework/fhir_client,0,0,0,0,error_202
yuriy-sedinkin,HL7/fhirpath.js,0,0,0,0,error_202
plynchnlm,HL7/fhirpath.js,0,0,0,0,error_202
niquola,HL7/fhirpath.js,0,0,0,0,error_202
p2,smart-on-fhir/Swift-FHIR,521152,449339,246,71813,success
drdavec,smart-on-fhir/Swift-FHIR,50035,23764,3,26271,success
JeffreyTaylor,smart-on-fhir/Swift-FHIR,12,11,2,1,success
cmoesel,FHIR/sushi,0,0,0,0,error_202
mint-thompson,FHIR/sushi,0,0,0,0,error_202
ngfreiter,FHIR/sushi,211932,991454,198,-779522,success
LorenzE,mne-tools/mne-cpp,0,0,3903,0,success
chdinh,mne-tools/mne-cpp,0,0,2682,0,success
gabrielbmotta,mne-tools/mne-cpp,0,0,1326,0,success
Robert-W,bluehalo/graphql-fhir,0,0,0,0,error_202
luan-dev,bluehalo/graphql-fhir,0,0,0,0,error_202
jamesburton,bluehalo/graphql-fhir,4,4,1,0,success
jonterrylee,bluehalo/node-fhir-server-mongo,0,0,0,0,error_202
ekdeveloper,bluehalo/node-fhir-server-mongo,0,0,0,0,error_202
imdrt,bluehalo/node-fhir-server-mongo,1491326,1137456,15,353870,success
rogordon01,microsoft/iomt-fhir,0,0,0,0,error_202
dustinburson,microsoft/iomt-fhir,88240,52860,70,35380,success
wi-y,microsoft/iomt-fhir,0,0,0,0,error_202
jenniferjiangkells,dotimplement/HealthChain,80366,42138,36,38228,success
adamkells,dotimplement/HealthChain,0,0,0,0,error_202
Vortex-21,dotimplement/HealthChain,565,18,4,547,success
EPedrotti,RasaHQ/medicare_locator,0,0,0,0,error_202
paulaWesselmann,RasaHQ/medicare_locator,0,0,0,0,error_202
erohmensing,RasaHQ/medicare_locator,0,0,0,0,error_202
mosheraboh,BiomedSciAI/fuse-med-ml,97950,31186,142,66764,success
alex-golts,BiomedSciAI/fuse-med-ml,0,0,0,0,error_202
SagiPolaczek,BiomedSciAI/fuse-med-ml,22019,12724,42,9295,success
chocolocked,ZhiGroup/pytorch_ehr,0,0,0,0,error_202
lrasmy,ZhiGroup/pytorch_ehr,0,0,0,0,error_202
zhizhid,ZhiGroup/pytorch_ehr,1267,0,4,1267,success
daliboz,cerner/fhir.cerner.com,0,0,0,0,error_202
MaxPhilips,cerner/fhir.cerner.com,0,0,0,0,error_202
cerbs-of-yore,cerner/fhir.cerner.com,0,0,0,0,error_202
GinoCanessa,microsoft/fhir-codegen,42396873,41005526,603,1391347,success
marcovisserFurore,microsoft/fhir-codegen,689,230,34,459,success
brianpos,microsoft/fhir-codegen,7764,3952,59,3812,success
jyx-su,stanfordmlgroup/MedAgentBench,0,0,0,0,error_202
brynlewis,brynlewis/C-CDA_Viewer,0,0,0,0,error_202
parisni,MIT-LCP/mimic-omop,0,0,0,0,error_202
aparrot89,MIT-LCP/mimic-omop,0,0,0,0,error_202
alistairewj,MIT-LCP/mimic-omop,17888,2694,49,15194,success
fdefalco,OHDSI/Achilles,0,0,0,0,error_202
AnthonyMolinaro,OHDSI/Achilles,0,0,0,0,error_202
chrisknoll,OHDSI/Achilles,28007,11032,61,16975,success
ashwinkumargb,StanfordMIMI/Merlin,0,0,0,0,error_202
louisblankemeier,StanfordMIMI/Merlin,0,0,0,0,error_202
dcarbone,dcarbone/php-fhir,0,0,0,0,error_202
dataground,dcarbone/php-fhir,267,24,5,243,success
McJackTang,McJackTang/MMPD_rPPG_dataset,0,0,0,0,error_202
AAAAAAbaAba,McJackTang/MMPD_rPPG_dataset,0,0,0,0,error_202
THU-CS-PI,McJackTang/MMPD_rPPG_dataset,0,0,0,0,error_202
p2,smart-on-fhir/Swift-SMART,0,0,0,0,error_202
xmlmodeling,smart-on-fhir/Swift-SMART,0,0,0,0,error_202
drdavec,smart-on-fhir/Swift-SMART,0,0,0,0,error_202
PSchmiedmayer,StanfordBDHG/LLMonFHIR,0,0,0,0,error_202
jdisho,StanfordBDHG/LLMonFHIR,0,0,0,0,error_202
AdritRao,StanfordBDHG/LLMonFHIR,0,0,0,0,error_202
Ahryman40k,Ahryman40k/typescript-fhir-types,6999342,4639358,72,2359984,success
bar-vim,Ahryman40k/typescript-fhir-types,0,0,0,0,error_202
niquola,fhir-fuel/awesome-FHIR,146,12,16,134,success
vadi2,fhir-fuel/awesome-FHIR,0,0,0,0,error_202
kennethmyhra,fhir-fuel/awesome-FHIR,0,0,0,0,error_202
jen-p,goinvo/EHR,0,0,0,0,error_202
mogox,ruby-hl7/ruby-hl7,0,0,0,0,error_202
segfault,ruby-hl7/ruby-hl7,0,0,0,0,error_202
LucasMontorio,ruby-hl7/ruby-hl7,0,0,0,0,error_202
PSchmiedmayer,StanfordSpezi/SpeziTemplateApplication,16999,9468,71,7531,success
bauer-andreas,StanfordSpezi/SpeziTemplateApplication,2837,2746,17,91,success
vishnuravi,StanfordSpezi/SpeziTemplateApplication,888,217,7,671,success
shamil-t,shamil-t/ehr-blockchain,0,0,0,0,error_202
KaiHe-better,KaiHe-better/LLM-for-Healthcare,0,0,0,0,error_202
bugface,uf-hobi-informatics-lab/GatorTron,5674,1285,11,4389,success
yonghuiwuf,uf-hobi-informatics-lab/GatorTron,17,3,2,14,success
katrohlwing,uf-hobi-informatics-lab/GatorTron,0,0,0,0,not_contributor
tompollard,MIT-LCP/mimic-website,0,0,0,0,error_202
alistairewj,MIT-LCP/mimic-website,29540,21183,283,8357,success
briangow,MIT-LCP/mimic-website,52718,33750,110,18968,success
niquola,FHIR/sql-on-fhir-v2,0,0,0,0,error_202
johngrimes,FHIR/sql-on-fhir-v2,0,0,0,0,error_202
rbrush,FHIR/sql-on-fhir-v2,2970,2934,44,36,success
hitgeek,hitgeek/simple-hl7,0,0,0,0,error_202
robertruppnj,hitgeek/simple-hl7,431,14,11,417,success
narupley,OpenIntegrationEngine/engine,0,0,0,0,error_202
brentmoen,OpenIntegrationEngine/engine,0,0,0,0,error_202
lmillergithub,OpenIntegrationEngine/engine,0,0,0,0,error_202
sarahmish,MLBazaar/Cardea,0,0,0,0,error_202
ShahadThobaiti,MLBazaar/Cardea,0,0,0,0,error_202
ChengFR,MLBazaar/Cardea,0,0,0,0,error_202
DannyBoyNg,Refactoring/ECGToolkit,0,0,0,0,error_202
Refactoring,Refactoring/ECGToolkit,0,0,0,0,error_202
DarkMarmot,HCA-Healthcare/elixir-hl7,0,0,0,0,error_202
bryanhunter,HCA-Healthcare/elixir-hl7,0,0,0,0,error_202
starbelly,HCA-Healthcare/elixir-hl7,0,0,0,0,error_202
plynchnlm,LHNCBC/lforms,0,0,0,0,error_202
lhcye,LHNCBC/lforms,0,0,0,0,error_202
jcy1225,LHNCBC/lforms,0,0,0,0,error_202
llSourcell,llSourcell/AI_for_healthcare,0,0,0,0,error_202
amarvakul,cerner/bunsen,0,0,0,0,error_202
bdrillard,cerner/bunsen,0,0,0,0,error_202
rbrush,cerner/bunsen,17106,11506,7,5600,success
AnthonyMolinaro,OHDSI/ETL-Synthea,0,0,0,0,error_202
clairblacketer,OHDSI/ETL-Synthea,0,0,0,0,error_202
fdefalco,OHDSI/ETL-Synthea,0,0,0,0,error_202
namalu,microsoft/healthkit-on-fhir,3234,115,10,3119,success
ShaunDonn,microsoft/healthkit-on-fhir,1,1,1,0,success
JoeDRowan,microsoft/healthkit-on-fhir,1,1,1,0,success
cmoesel,intervention-engine/fhir,0,0,0,0,error_202
eedrummer,intervention-engine/fhir,0,0,0,0,error_202
ssayer,intervention-engine/fhir,6,1,2,5,success
deoxxa,deoxxa/hl7,0,0,0,0,error_202
levinalex-samedi,deoxxa/hl7,21,3,1,18,success
seanmcilvenna,lantanagroup/FHIR.js,0,0,0,0,error_202
lschmierer,lantanagroup/FHIR.js,0,0,0,0,error_202
nickgeorge,google/fhir-examples,16802,10918,56,5884,success
Cam2337,google/fhir-examples,0,0,0,0,error_202
alextumanov,google/fhir-examples,0,0,0,0,error_202
johngrimes,aehrc/pathling,0,0,0,0,error_202
piotrszul,aehrc/pathling,0,0,0,0,error_202
gigony,Project-MONAI/monai-deploy-app-sdk,0,0,0,0,error_202
MMelQin,Project-MONAI/monai-deploy-app-sdk,0,0,0,0,error_202
rahul-imaging,Project-MONAI/monai-deploy-app-sdk,0,0,0,0,error_202
wshi83,wshi83/EhrAgent,0,0,0,0,error_202
night-chen,wshi83/EhrAgent,0,0,0,0,error_202
jmandel,smart-on-fhir/api-server,0,0,0,0,error_202
eedrummer,smart-on-fhir/api-server,0,0,0,0,error_202
cmoesel,smart-on-fhir/api-server,0,0,0,0,error_202
sameeragunarathne,ballerina-platform/fhir-tools,0,0,0,0,error_202
Sanjana-Attanayake,ballerina-platform/fhir-tools,0,0,0,0,exception: 'NoneType' object is not subscriptable
isuruh15,ballerina-platform/fhir-tools,0,0,0,0,error_202
kk7nc,BarnesLab/Patient2Vec,0,0,0,0,error_202
ctomasz,1uphealth/fhir-react,0,0,0,0,error_202
KonradNojman,1uphealth/fhir-react,0,0,0,0,error_202
tp1uphealth,1uphealth/fhir-react,0,0,0,0,error_202
natalieharris,google/ehr-predictions,0,0,0,0,error_202
mocsharp,Project-MONAI/monai-deploy,0,0,0,0,error_202
JoeBatt1989,Project-MONAI/monai-deploy,5092,1451,45,3641,success
rahul-imaging,Project-MONAI/monai-deploy,4003,4002,45,1,success
sameeragunarathne,ballerina-platform/module-ballerinax-health.fhir.r4,0,0,0,0,error_202
isuruh15,ballerina-platform/module-ballerinax-health.fhir.r4,297601,246129,50,51472,success
ThishaniLucas,ballerina-platform/module-ballerinax-health.fhir.r4,220990,6473,78,214517,success
ThishaniLucas,ballerina-platform/module-ballerinax-health.fhir.templates,0,0,0,0,error_202
sameeragunarathne,ballerina-platform/module-ballerinax-health.fhir.templates,0,0,0,0,error_202
AnjanaSenanayake,ballerina-platform/module-ballerinax-health.fhir.templates,40022,11140,3,28882,success
yashverma9,yashverma9/AI-Blockchain-Electronic-Health-Records-Management-System,0,0,0,0,error_202
androdat,yashverma9/AI-Blockchain-Electronic-Health-Records-Management-System,0,0,0,0,error_202
seanfinan,apache/ctakes,0,0,0,0,error_202
Johnsd11,apache/ctakes,7246,970,37,6276,success
pabramowitsch,apache/ctakes,0,0,0,0,not_contributor
sameeragunarathne,ballerina-platform/module-ballerinax-health.hl7v2,0,0,0,0,error_202
isuruh15,ballerina-platform/module-ballerinax-health.hl7v2,0,0,0,0,error_202
ThishaniLucas,ballerina-platform/module-ballerinax-health.hl7v2,0,0,0,0,error_202
maheshika,ballerina-attic/hl7-tools,296,0,3,296,success
anupama-pathirage,ballerina-attic/hl7-tools,0,0,0,0,error_202
keizer619,ballerina-attic/hl7-tools,0,0,0,0,not_contributor
SaravananSubramanian,SaravananSubramanian/hl7,0,0,0,0,error_202
florianschoffke,gematik/api-erp,0,0,0,0,error_202
Hendrejvr,gematik/api-erp,0,0,0,0,error_202
SvenSommer,gematik/api-erp,140614,106625,57,33989,success
xpander53,LinuxForHealth/hl7v2-fhir-converter,0,0,0,0,error_202
cragun47,LinuxForHealth/hl7v2-fhir-converter,0,0,0,0,error_202
pbhallam,LinuxForHealth/hl7v2-fhir-converter,0,0,0,0,error_202
vesnushka,beda-software/fhir-emr,0,0,0,0,error_202
ir4y,beda-software/fhir-emr,0,0,0,0,error_202
atuonufure,beda-software/fhir-emr,0,0,0,0,error_202
GinoCanessa,GinoCanessa/FhirDevVideoNotes,0,0,0,0,error_202
alexanderkiel,samply/golang-fhir-models,0,0,0,0,error_202
HugoJBello,samply/golang-fhir-models,0,0,0,0,error_202
scottfleming,som-shahlab/medalign,283,6,8,277,success
Ale9806,som-shahlab/medalign,0,0,0,0,error_202
jason-fries,som-shahlab/medalign,0,0,0,0,error_202
segfault,segfault/ruby-hl7,0,0,0,0,error_202
eedrummer,segfault/ruby-hl7,0,0,0,0,error_202
ESouza,segfault/ruby-hl7,0,0,0,0,error_202
shengpu-tang,MLD3/FIDDLE,0,0,0,0,error_202
cyberuna,microsoft/OpenHack-FHIR,0,0,0,0,error_202
jfattic,microsoft/OpenHack-FHIR,0,0,0,0,error_202
cajetzer,microsoft/OpenHack-FHIR,0,0,0,0,error_202
pkarw,Doctor-One/doctor-dok,0,0,0,0,error_202
ky-zo,Doctor-One/doctor-dok,0,0,0,0,error_202
arscan,onc-healthit/inferno-community,0,0,0,0,error_202
Jammjammjamm,onc-healthit/inferno-community,0,0,0,0,error_202
yunwwang,onc-healthit/inferno-community,0,0,0,0,error_202
grahamegrieve,HL7/fhir-ig-publisher,0,0,0,0,error_202
markiantorno,HL7/fhir-ig-publisher,0,0,0,0,error_202
dotasek,HL7/fhir-ig-publisher,0,0,0,0,error_202
evan-gordon,google/cql,0,0,0,0,error_202
suyashkumar,google/cql,0,0,0,0,error_202
copybara-github,google/cql,0,0,0,0,error_202
waltaskew,google/fhir-py,0,0,0,0,error_202
lisayin,google/fhir-py,0,0,0,0,error_202
rbrush,google/fhir-py,0,0,0,0,error_202
glee4810,glee4810/EHRSQL,0,0,0,0,error_202
callahantiff,callahantiff/OMOP2OBO,0,0,0,0,error_202
jwyrwa,callahantiff/OMOP2OBO,0,0,0,0,error_202
mgunnerud,helsenorge/structor,0,0,0,0,error_202
Jesperpaulsen,helsenorge/structor,0,0,0,0,error_202
GeirLoken,helsenorge/structor,106281,31025,109,75256,success
mgunnerud,helsenorge/structor-archived,366305,83322,177,282983,success
Jesperpaulsen,helsenorge/structor-archived,69128,56906,90,12222,success
GeirLoken,helsenorge/structor-archived,106281,31025,109,75256,success
gml16,gml16/rl-medical,0,0,0,0,error_202
amiralansary,gml16/rl-medical,0,0,0,0,error_202
NikolaosBouas,gml16/rl-medical,0,0,0,0,error_202
Honghan,CogStack/CogStack-SemEHR,0,0,0,0,error_202
tomolopolis,CogStack/CogStack-SemEHR,4,0,1,4,success
jmandel,smart-on-fhir/smart-on-fhir.github.io,0,0,0,0,error_202
vlad-ignatov,smart-on-fhir/smart-on-fhir.github.io,412,355,72,57,success
gotdan,smart-on-fhir/smart-on-fhir.github.io,513,728,64,-215,success
bashir2,google/fhir-gateway,0,0,0,0,error_202
omarismail94,google/fhir-gateway,0,0,0,0,error_202
awatson1978,node-on-fhir/node-on-fhir-v2,0,0,0,0,error_202
jawalonoski,fhir-crucible/fhir_models,0,0,0,0,error_202
360dgries,fhir-crucible/fhir_models,0,0,0,0,error_202
arscan,fhir-crucible/fhir_models,0,0,0,0,error_202
dib0,dib0/NHapiTools,0,0,0,0,error_202
milkshakeuk,dib0/NHapiTools,0,0,0,0,error_202
sschoop,dib0/NHapiTools,0,0,0,0,error_202
jawalonoski,inferno-framework/fhir_models,0,0,0,0,error_202
360dgries,inferno-framework/fhir_models,0,0,0,0,error_202
arscan,inferno-framework/fhir_models,0,0,0,0,error_202
amrit110,VectorInstitute/cyclops,0,0,0,0,error_202
a-kore,VectorInstitute/cyclops,0,0,0,0,error_202
QuanWanxx,microsoft/FHIR-Analytics-Pipelines,0,0,0,0,error_202
hongyh13,microsoft/FHIR-Analytics-Pipelines,0,0,0,0,error_202
moria97,microsoft/FHIR-Analytics-Pipelines,0,0,0,0,error_202
baeseongsu,baeseongsu/ehrxqa,0,0,0,0,error_202
atsvetkova-ody,OHDSI/MIMIC,0,0,0,0,error_202
briangow,OHDSI/MIMIC,0,0,0,0,error_202
mik-ohdsi,OHDSI/MIMIC,199,3,6,196,success
jaime-olivares,Efferent-Health/HL7-V2,0,0,0,0,error_202
jonkelling,Efferent-Health/HL7-V2,0,0,0,0,error_202
hari-kartha,Kartha-AI/agentcare-mcp,0,0,0,0,error_202
ycq091044,ycq091044/SafeDrug,643430,320179,27,323251,success
FabioBo,dib0/HL7Fuse,0,0,0,0,error_202
dib0,dib0/HL7Fuse,426311,422444,24,3867,success
etanb,CDCgov/prime-reportstream,0,0,906,0,success
MauriceReeves-usds,CDCgov/prime-reportstream,0,0,905,0,success
rbrush,FHIR/sql-on-fhir,0,0,0,0,error_202
jmandel,FHIR/sql-on-fhir,0,0,0,0,error_202
mmcdermott,Medical-Event-Data-Standard/meds,2863,1797,58,1066,success
EthanSteinberg,Medical-Event-Data-Standard/meds,1406,803,51,603,success
rvandewater,Medical-Event-Data-Standard/meds,101,59,10,42,success
rvandewater,rvandewater/YAIB,0,0,0,0,error_202
HendrikSchmidt,rvandewater/YAIB,0,0,0,0,error_202
Snagnar,rvandewater/YAIB,7437,6618,133,819,success
kennethleungty,kennethleungty/Generative-AI-Pharmacist,0,0,0,0,error_202
arscan,fhir-crucible/crucible,75302,13933,198,61369,success
andrequina,fhir-crucible/crucible,0,0,0,0,error_202
Evana13G,fhir-crucible/crucible,5249,4385,70,864,success
jmandel,smart-on-fhir/fhir-bulk-data-docs,0,0,0,0,error_202
gotdan,smart-on-fhir/fhir-bulk-data-docs,1239,618,32,621,success
vlad-ignatov,smart-on-fhir/fhir-bulk-data-docs,0,0,0,0,error_202
shihjay2,shihjay2/nosh2,0,0,0,0,error_202
willseward,shihjay2/nosh2,4,2,1,2,success
ixaxaar,geniusrise/awesome-healthcare-datasets,614,149,4,465,success
p12dpraneeth,geniusrise/awesome-healthcare-datasets,0,0,0,0,error_202
ibacher,openmrs/openmrs-module-fhir2,0,0,0,0,error_202
corneliouzbett,openmrs/openmrs-module-fhir2,35638,10548,125,25090,success
varung-31,openmrs/openmrs-module-fhir2,40842,11658,59,29184,success
pjirsa,microsoft/FhirBlaze,6792,2377,69,4415,success
SameerDoshi,microsoft/FhirBlaze,2513,1412,37,1101,success
i-am-dan,microsoft/FhirBlaze,393,239,20,154,success
wanghaisheng,wanghaisheng/fhir-cn,0,0,0,0,error_202
cmoesel,cqframework/cql-execution,0,0,0,0,error_202
rdingwell,cqframework/cql-execution,0,0,0,0,error_202
hossenlopp,cqframework/cql-execution,0,0,0,0,error_202
rhausam,HL7/v2-to-fhir,131807,130273,138,1534,success
keithboone,HL7/v2-to-fhir,1478319,1426805,99,51514,success
hbuitendijk,HL7/v2-to-fhir,0,0,0,0,error_202
v-pbartley,microsoft/fhir-proxy,0,0,0,0,error_202
daemel,microsoft/fhir-proxy,0,0,0,0,error_202
microsoftopensource,microsoft/fhir-proxy,129,1,5,128,success
nikit0ns,nikit0ns/artificial-intelligence-library,0,0,0,0,error_202
vinhnguyen3455,nikit0ns/artificial-intelligence-library,0,0,0,0,error_202
ivanwilliammd,ivanwilliammd/satusehat-integration,0,0,0,0,error_202
SyaefulKai,ivanwilliammd/satusehat-integration,0,0,0,0,error_202
yudistirasd,ivanwilliammd/satusehat-integration,465,246,20,219,success
giuliabaldini,UMEssen/FHIR-PYrate,0,0,0,0,error_202
JannisStraus,UMEssen/FHIR-PYrate,0,0,0,0,error_202
Goku1110,UMEssen/FHIR-PYrate,0,0,0,0,error_202
acumarav,OHDSI/Athena,0,0,0,0,error_202
GlebMalikov,OHDSI/Athena,0,0,0,0,error_202
YaroslavTir,OHDSI/Athena,0,0,0,0,error_202
yahskapar,yahskapar/MA-rPPG-Video-Toolbox,0,0,0,0,error_202
yulupan00,yahskapar/MA-rPPG-Video-Toolbox,0,0,0,0,error_202
leandromineti,leandromineti/awesome-healthmetrics,464,85,28,379,success
evachen96,microsoft/azure-health-data-services-toolkit,0,0,0,0,error_202
mikaelweave,microsoft/azure-health-data-services-toolkit,0,0,0,0,error_202
vmsuthar56,microsoft/azure-health-data-services-toolkit,0,0,0,0,error_202
chiyuan1126,OHDSI/Criteria2Query,20227,478,118,19749,success
yfyfang,OHDSI/Criteria2Query,45027,8831,20,36196,success
instameddevelopment,instamed/healthcare-payments-blockchain,0,0,0,0,error_202
bentoo42,instamed/healthcare-payments-blockchain,295,4,7,291,success
instaireland,instamed/healthcare-payments-blockchain,8,3,1,5,success
atuonufure,beda-software/fhirpath-py,2198,35049,122,-32851,success
ufocoder,beda-software/fhirpath-py,20504,9569,111,10935,success
ir4y,beda-software/fhirpath-py,0,0,0,0,error_202
karlmdavis,CMSgov/beneficiary-fhir-data,0,0,0,0,error_202
dho937,CMSgov/beneficiary-fhir-data,0,0,0,0,error_202
actions-user,CMSgov/beneficiary-fhir-data,0,0,0,0,error_202
brynrhodes,cqframework/CQL-Formatting-and-Usage-Wiki,0,0,0,0,error_202
rhondaschwartz,cqframework/CQL-Formatting-and-Usage-Wiki,0,0,0,0,error_202
alexisc0le,cqframework/CQL-Formatting-and-Usage-Wiki,0,0,0,0,error_202
zavoraad,databricks-industry-solutions/smolder,0,0,0,0,error_202
ryandecosmo,databricks-industry-solutions/smolder,836,827,3,9,success
pohlposition,databricks-industry-solutions/smolder,12,0,1,12,success
JPercival,cqframework/cqf-ruler,0,0,0,0,error_202
mdnazmulkarim,cqframework/cqf-ruler,0,0,0,0,error_202
brynrhodes,cqframework/cqf-ruler,0,0,0,0,error_202
RobHolme,RobHolme/vscode-hl7tools,0,0,0,0,error_202
daimor,RobHolme/vscode-hl7tools,0,0,0,0,error_202
jacobMedisoft,RobHolme/vscode-hl7tools,0,0,0,0,error_202
csinva,microsoft/clinical-self-verification,0,0,0,0,error_202
microsoft-github-policy-service[bot],microsoft/clinical-self-verification,0,0,0,0,error_202
cviddenKwantum,microsoft/ResponsibleAIAccelerator,0,0,0,0,error_202
FreeheelGreg,microsoft/ResponsibleAIAccelerator,0,0,0,0,error_202
imatiach-msft,microsoft/ResponsibleAIAccelerator,3,0,1,3,success
rhausam,FHIR/documents,0,0,0,0,error_202
lmckenzi,FHIR/documents,0,0,0,0,error_202
rettema,FHIR/documents,0,0,0,0,error_202
amyschoen,Optum/CyFHIR,730,108,3,622,success
DMadrid,Optum/CyFHIR,0,0,0,0,error_202
frisbm,Optum/CyFHIR,0,0,0,0,error_202
DASpringate,rOpenHealth/rEHR,0,0,0,0,error_202
rosap,rOpenHealth/rEHR,0,0,0,0,error_202
evank23,rOpenHealth/rEHR,0,0,0,0,error_202
w-is-h,CogStack/Foresight,0,0,0,0,error_202
ejson03,Zzocker/EHR-on-blockchain,0,0,0,0,error_202
Zzocker,Zzocker/EHR-on-blockchain,0,0,0,0,error_202
piyushchauhan,Zzocker/EHR-on-blockchain,0,0,0,0,error_202
suyashkumar,google/bulk_fhir_tools,0,0,0,0,error_202
Kai-Bailey,google/bulk_fhir_tools,0,0,0,0,error_202
Luid101,google/bulk_fhir_tools,560,36,5,524,success
ellykits,opensrp/fhircore,362025,2152429,374,-1790404,success
ndegwamartin,opensrp/fhircore,180760,139753,236,41007,success
Rkareko,opensrp/fhircore,147172,116874,139,30298,success
mechanik-daniel,Outburn-IL/fume-community,0,0,0,0,exception: 'NoneType' object is not subscriptable
semantic-release-bot,Outburn-IL/fume-community,0,0,0,0,exception: 'NoneType' object is not subscriptable
lizozom,Outburn-IL/fume-community,0,0,0,0,error_202
jmandel,jmandel/health-record-mcp,0,0,0,0,exception: 'NoneType' object is not subscriptable
Copilot,jmandel/health-record-mcp,0,0,0,0,error_202
zplata,cerner/ascvd-risk-calculator,0,0,0,0,error_202
mjhenkes,cerner/ascvd-risk-calculator,0,0,0,0,error_202
IoBT-VISTEC,IoBT-VISTEC/EEGWaveNet,402,109,30,293,success
kkuroma,IoBT-VISTEC/EEGWaveNet,30,26,6,4,success
pjirsa,microsoft/Graphir,0,0,0,0,error_202
nirzaf,microsoft/Graphir,3911,1143,43,2768,success
mmfazrin-phcc-gov,microsoft/Graphir,0,0,0,0,error_202
qqndrew,BD2KOnFHIR/NLP2FHIR,0,0,0,0,error_202
gqjiang,BD2KOnFHIR/NLP2FHIR,0,0,0,0,error_202
dnstone,BD2KOnFHIR/NLP2FHIR,181,9,3,172,success
FlixCoder,FlixCoder/fhir-sdk,7031,2712,7,4319,success
jarimayenburg,FlixCoder/fhir-sdk,1557431,28,5,1557403,success
stefanspiska,ehrbase/openEHR_SDK,0,0,0,0,error_202
vmueller-vg,ehrbase/openEHR_SDK,0,0,0,0,error_202
mvesin,fedbiomed/fedbiomed,101904,91296,1709,10608,success
srcansiz,fedbiomed/fedbiomed,415119,368299,1499,46820,success
ybouilla,fedbiomed/fedbiomed,0,0,0,0,error_202
fernandojsg,fernandojsg/hl7-dictionary,0,0,0,0,error_202
nextcloud-bot,Kailona/ehr,0,0,0,0,error_202
ayselafsar,Kailona/ehr,40843,4345,78,36498,success
rbren,rbren/fhir-swagger,0,0,0,0,error_202
graffam,rbren/fhir-swagger,0,0,0,0,error_202
alexluft,rbren/fhir-swagger,0,0,0,0,error_202
MatthewVita,MatthewVita/node-hl7-complete,0,0,0,0,error_202
privateOmega,MatthewVita/node-hl7-complete,0,0,0,0,error_202
CragVFX,MatthewVita/node-hl7-complete,0,0,0,0,error_202
denniskigen,openmrs/openmrs-esm-patient-chart,0,0,0,0,error_202
donaldkibet,openmrs/openmrs-esm-patient-chart,0,0,0,0,error_202
openmrs-bot,openmrs/openmrs-esm-patient-chart,0,0,0,0,error_202
dolphin-dev,dolphin-dev/OpenDolphin,156,24,14,132,success
mbot-dev,dolphin-dev/OpenDolphin,0,0,0,0,error_202
MasudaNaika,dolphin-dev/OpenDolphin,0,0,0,0,error_202
necipfazil,srdc/cda2fhir,0,0,0,0,error_202
msfyuksel,srdc/cda2fhir,0,0,0,0,error_202
tahsinkose,srdc/cda2fhir,0,0,0,0,error_202
julienblin,bonfhir/bonfhir,0,0,0,0,error_202
opiation,bonfhir/bonfhir,0,0,0,0,error_202
Lorex,Lorex/FHIR-Universal-Conversion-Kit,0,0,0,0,error_202
luckypig3400,Lorex/FHIR-Universal-Conversion-Kit,0,0,0,0,error_202
LorexYang,Lorex/FHIR-Universal-Conversion-Kit,0,0,0,0,error_202
sinanshi,ropensci-archive/cleanEHR,0,0,0,0,error_202
dpshelio,ropensci-archive/cleanEHR,361,121,27,240,success
maelle,ropensci-archive/cleanEHR,99,93,3,6,success
apanasiuk-el,edenlabllc/rmk,0,0,0,0,error_202
anovikov-el,edenlabllc/rmk,8547,4336,138,4211,success
ci-cd-fhir-user,edenlabllc/rmk,2,0,1,2,success
kczpl,the-momentum/healthstack,0,0,0,0,error_202
psobusiak,the-momentum/healthstack,0,0,0,0,error_202
awatson1978,node-on-fhir/meteor-on-fhir,0,0,0,0,error_202
gameltzer,node-on-fhir/meteor-on-fhir,0,0,0,0,error_202
christieewen,node-on-fhir/meteor-on-fhir,0,0,0,0,error_202
lmsurpre,Alvearie/keycloak-extensions-for-fhir,0,0,0,0,error_202
dandalavinod,Alvearie/keycloak-extensions-for-fhir,0,0,0,0,error_202
divyaramnath-13,google/fhir-app-examples,0,0,0,0,error_202
jingtang10,google/fhir-app-examples,0,0,0,0,error_202
omarismail94,google/fhir-app-examples,0,0,0,0,error_202
gabbyes,google/fhir-dbt-analytics,0,0,0,0,error_202
jakubadamek,google/fhir-dbt-analytics,0,0,0,0,error_202
danygammall,google/fhir-dbt-analytics,0,0,0,0,error_202
jdjkelly,flexpa/mcp-fhir,652,2,3,650,success
alexisthual,arkhn/pyrog,0,0,0,0,error_202
Jasopaum,arkhn/pyrog,1161820,1161592,187,228,success
simonvadee,arkhn/pyrog,0,0,0,0,error_202
jamesiri,aws-samples/amazon-comprehend-medical-fhir-integration,93,1,6,92,success
mithun008,aws-samples/amazon-comprehend-medical-fhir-integration,0,0,0,0,error_202
rserur,Vermonster/fhir-kit-create-react,0,0,0,0,error_202
bkaney,Vermonster/fhir-kit-create-react,0,0,0,0,error_202
firechicago,Vermonster/fhir-kit-create-react,0,0,0,0,error_202
mxhm,obi-ml-public/ehr_deidentification,10692,22,5,10670,success
prajwal967,obi-ml-public/ehr_deidentification,159,0,1,159,success
matthewchung74,obi-ml-public/ehr_deidentification,5,0,1,5,success
slaverman,FirelyTeam/RonFHIR,2749,572,31,2177,success
grahamegrieve,FirelyTeam/RonFHIR,57,6,4,51,success
mharthoorn,FirelyTeam/RonFHIR,0,0,0,0,error_202
prohp,medkey-org/medkey,22033,21850,91,183,success
dgrudinin,medkey-org/medkey,0,0,0,0,error_202
AD1306,smilecdr/FHIR.ts,0,0,0,0,error_202
omarhoblos,smilecdr/FHIR.ts,239,59,22,180,success
TahaAttari,smilecdr/FHIR.ts,0,0,0,0,error_202
pradeeban,uaanchorage/GSoC,0,0,0,0,error_202
ishaanxgupta,uaanchorage/GSoC,0,0,0,0,error_202
shivangvijay,uaanchorage/GSoC,0,0,0,0,error_202
ericaVoss,OHDSI/ETL-CDMBuilder,0,0,0,0,error_202
clairblacketer,OHDSI/ETL-CDMBuilder,0,0,0,0,error_202
anthonysena,OHDSI/ETL-CDMBuilder,0,0,0,0,error_202
narupley,nextgenhealthcare/fhir-example-channels,14619,49,5,14570,success
gotdan,smart-on-fhir/fred,0,0,0,0,error_202
jmandel,smart-on-fhir/fred,0,0,0,0,error_202
Mehdi-BOUYAHIA,aphp/Cohort360-FrontEnd,618746,593921,738,24825,success
vmariot,aphp/Cohort360-FrontEnd,604758,630584,655,-25826,success
ManelleG,aphp/Cohort360-FrontEnd,163700,281137,459,-117437,success
jamesagnew,hapifhir/fhir-tutorial,0,0,0,0,error_202
dmuylwyk,hapifhir/fhir-tutorial,8,3,5,5,success
omarhoblos,hapifhir/fhir-tutorial,514,481,5,33,success
ironbridgecorp,ironbridgecorp/hl7-standard,462,52,30,410,success
H3RSKO,ironbridgecorp/hl7-standard,1,1,1,0,success
Cicatriiz,Cicatriiz/healthcare-mcp-public,0,0,0,0,error_202
openhands-agent,Cicatriiz/healthcare-mcp-public,0,0,0,0,error_202
calclavia,Cicatriiz/healthcare-mcp-public,24,1,3,23,success
plynchnlm,LHNCBC/lforms-fhir-app,0,0,0,0,error_202
jcy1225,LHNCBC/lforms-fhir-app,0,0,0,0,error_202
lhcye,LHNCBC/lforms-fhir-app,0,0,0,0,error_202
jingtang10,google/kotlin-fhir,0,0,0,0,error_202
ellykits,google/kotlin-fhir,0,0,0,0,error_202
yigit,google/kotlin-fhir,0,0,0,0,error_202
VimukthiRajapaksha,wso2/fhir-mcp-server,0,0,0,0,error_202
nirmal070125,wso2/fhir-mcp-server,0,0,0,0,exception: 'NoneType' object is not subscriptable
joelsathi,wso2/fhir-mcp-server,0,0,0,0,exception: 'NoneType' object is not subscriptable
vlad-ignatov,smart-on-fhir/hapi,0,0,0,0,error_202
bhinebaugh,smart-on-fhir/hapi,0,0,0,0,error_202
kachok,amida-tech/hl7,0,0,0,0,error_202
Manhydra,amida-tech/hl7,0,0,0,0,error_202
au2,amida-tech/hl7,5,9,3,-4,success
gem-lat,gematik/api-ti-messenger,0,0,0,0,error_202
gem-uku,gematik/api-ti-messenger,0,0,0,0,error_202
gem-cp,gematik/api-ti-messenger,0,0,0,0,error_202
v-pbartley,microsoft/fhir-loader,0,0,0,0,error_202
daemel,microsoft/fhir-loader,0,0,0,0,error_202
mikaelweave,microsoft/fhir-loader,0,0,0,0,error_202
juanlopezcode,AI4HealthUOL/ECG-MIMIC,55,71,10,-16,success
dermatologist,dermatologist/pyomop,0,0,0,0,error_202
spiros,spiros/chronological-map-phenotypes,0,0,0,0,error_202
nels,spiros/chronological-map-phenotypes,21,21,5,0,success
tomlincr,spiros/chronological-map-phenotypes,659,0,1,659,success
meirgottlieb,artifacthealth/hl7parser,0,0,0,0,error_202
jorinvo,artifacthealth/hl7parser,2,2,1,0,success
richard-mihalovic,artifacthealth/hl7parser,14,4,1,10,success
jdsalaro,fhirpack/fhirpack,0,0,0,0,error_202
trostalski,fhirpack/fhirpack,0,0,0,0,error_202
AlexanderDesmond,fhirpack/fhirpack,0,0,0,0,error_202
nwhatt,RedoxEngine/redox-hl7-v2,0,0,0,0,error_202
x-aaron-moore,RedoxEngine/redox-hl7-v2,936,402,5,534,success
jafeltra,AHRQ-CDS/AHRQ-CDS-Connect-Authoring-Tool,0,0,0,0,error_202
cmoesel,AHRQ-CDS/AHRQ-CDS-Connect-Authoring-Tool,0,0,0,0,error_202
noranda,AHRQ-CDS/AHRQ-CDS-Connect-Authoring-Tool,0,0,0,0,error_202
vlad-ignatov,smart-on-fhir/fhir-viewer,0,0,0,0,error_202
umar-gh,smart-on-fhir/fhir-viewer,0,0,0,0,error_202
alexmbennett2,kind-lab/mimic-fhir,0,0,0,0,error_202
alistairewj,kind-lab/mimic-fhir,0,0,0,0,error_202
piotrszul,kind-lab/mimic-fhir,429,136,26,293,success
Arashhs,USC-InfoLab/NeuroGNN,0,0,0,0,error_202
markkramerus,HL7/fhir-shorthand,0,0,0,0,error_202
cmoesel,HL7/fhir-shorthand,0,0,0,0,error_202
jafeltra,HL7/fhir-shorthand,2395,2149,43,246,success
markiantorno,FHIR/fhir-test-cases,0,0,0,0,error_202
grahamegrieve,FHIR/fhir-test-cases,1002287,379940,381,622347,success
dotasek,FHIR/fhir-test-cases,0,0,0,0,error_202
csande,canvas-medical/fhirstarter,0,0,0,0,error_202
llob,canvas-medical/fhirstarter,27,18,6,9,success
fdefalco,OHDSI/Eunomia,0,0,0,0,error_202
ablack3,OHDSI/Eunomia,930,703,36,227,success
schuemie,OHDSI/Eunomia,5465,1801,24,3664,success
KaliszS,the-momentum/apple-health-mcp-server,0,0,0,0,error_202
czajkub,the-momentum/apple-health-mcp-server,2999,982,11,2017,success
bartmichalak,the-momentum/apple-health-mcp-server,12,0,2,12,success
emersodb,VectorInstitute/FL4Health,0,0,0,0,error_202
sanaAyrml,VectorInstitute/FL4Health,0,0,0,0,error_202
jewelltaylor,VectorInstitute/FL4Health,0,0,0,0,error_202
EdiNation,EdiNation/OpenEDI-Specification,0,0,0,0,error_202
fongsean,aehrc/smart-forms,0,0,0,0,exception: 'NoneType' object is not subscriptable
MARYAMMEHDIZ,aehrc/smart-forms,0,0,0,0,error_202
chanskw,IBMStreams/streamsx.health,22216,4147,147,18069,success
natashadsilva,IBMStreams/streamsx.health,0,0,0,0,error_202
ibmkendrick,IBMStreams/streamsx.health,0,0,0,0,error_202
chanshing,OxWearables/stepcount,15827,7297,375,8530,success
smallsr,OxWearables/stepcount,336,55,15,281,success
gmertes,OxWearables/stepcount,930,31,6,899,success
USM-CHU-FGuyon,USM-CHU-FGuyon/BlendedICU,0,0,0,0,error_202
LucasDuval,USM-CHU-FGuyon/BlendedICU,7,0,2,7,success
Zethson,USM-CHU-FGuyon/BlendedICU,1,1,1,0,success
yhzhu99,yhzhu99/covid-ehr-benchmarks,0,0,0,0,error_202
ericaaaaaaaa,yhzhu99/covid-ehr-benchmarks,0,0,0,0,error_202
v1xerunt,yhzhu99/covid-ehr-benchmarks,0,0,0,0,error_202
EricMaeker,FreeHealth/freehealth,0,0,7607,0,success
jeromecc,FreeHealth/freehealth,0,0,623,0,success
papyJuju,FreeHealth/freehealth,0,0,0,0,not_contributor
MedShake,MedShake/MedShakeEHR-base,0,0,0,0,error_202
fr33z00,MedShake/MedShakeEHR-base,0,0,0,0,error_202
marsante,MedShake/MedShakeEHR-base,0,0,0,0,error_202
Dokotela,MayJuun/fhir,0,0,0,0,error_202
tiloc,MayJuun/fhir,131905,138395,72,-6490,success
FireJuun,MayJuun/fhir,0,0,0,0,error_202
starbelly,HCA-Healthcare/elixir-mllp,0,0,0,0,error_202
DarkMarmot,HCA-Healthcare/elixir-mllp,0,0,0,0,error_202
vikas15bhardwaj,HCA-Healthcare/elixir-mllp,0,0,0,0,error_202
benknoll-umn,nlpie/biomedicus2,558515,186072,283,372443,success
gpfinley,nlpie/biomedicus2,164,61,3,103,success
rfinz,nlpie/biomedicus2,2,2,1,0,success
matteovivona,HospitalRun/hospitalrun-core,0,0,0,0,error_202
AlexSWong,AlexSWong/COVID-Net,0,0,0,0,error_202
sinaci,srdc/onfhir,0,0,0,0,error_202
dogukan10,srdc/onfhir,0,0,0,0,error_202
msfyuksel,srdc/onfhir,0,0,0,0,error_202
dbooth-boston,w3c/hcls-fhir-rdf,0,0,0,0,error_202
tmallia,w3c/hcls-fhir-rdf,0,0,0,0,error_202
jmandel,w3c/hcls-fhir-rdf,333806,178236,17,155570,success
whaleloops,whaleloops/TransformEHR,0,0,0,0,error_202
rafiattrach,rafiattrach/m3,0,0,0,0,error_202
MoreiraP12,rafiattrach/m3,23006,2146,27,20860,success
rajna-fani,rafiattrach/m3,1569,3228,9,-1659,success
tznind,HicServices/RDMP,0,0,0,0,error_202
jas88,HicServices/RDMP,0,0,0,0,error_202
harsha89,openmrs/openmrs-module-fhir,0,0,0,0,error_202
surangak,openmrs/openmrs-module-fhir,0,0,0,0,error_202
sashrika,openmrs/openmrs-module-fhir,0,0,0,0,error_202
znatty22,NIH-NCPI/fhir-101,0,0,0,0,error_202
abgeorge7,NIH-NCPI/fhir-101,259,15,4,244,success
jcomellas,jcomellas/ex_hl7,0,0,0,0,error_202
joshcds,TopologyHealth/SMARTerFHIR,0,0,0,0,error_202
oyisre,TopologyHealth/SMARTerFHIR,7220,4328,33,2892,success
goelalex,TopologyHealth/SMARTerFHIR,1,1,1,0,success
etobella,tegin/medical-fhir,27172,13563,394,13609,success
albariera,tegin/medical-fhir,0,0,0,0,error_202
luisDIXMIT,tegin/medical-fhir,0,0,0,0,error_202
JPercival,cqframework/clinical-reasoning,0,0,0,0,error_202
barhodes,cqframework/clinical-reasoning,9471419,7254578,102,2216841,success
mdnazmulkarim,cqframework/clinical-reasoning,0,0,0,0,error_202
dermatologist,dermatologist/fhiry,0,0,0,0,error_202
Thomzoy,aphp/eds-scikit,0,0,0,0,error_202
Vincent-Maladiere,aphp/eds-scikit,0,0,0,0,error_202
svittoz,aphp/eds-scikit,0,0,0,0,error_202
jdjkelly,flexpa/llm-fhir-eval,0,0,0,0,error_202
gqjiang,fhircat/CORD-19-on-FHIR,0,0,0,0,error_202
hsolbrig,fhircat/CORD-19-on-FHIR,91426,47507,25,43919,success
dnstone,fhircat/CORD-19-on-FHIR,0,0,0,0,error_202
jdjkelly,flexpa/sero,0,0,0,0,error_202
mseckykoebel,flexpa/sero,0,0,0,0,error_202
marcovisserFurore,FirelyTeam/firely-net-common,0,0,0,0,error_202
wmrutten,FirelyTeam/firely-net-common,1228681,184018,548,1044663,success
mmsmits,FirelyTeam/firely-net-common,0,0,0,0,error_202
wombleton,medic/L7,0,0,0,0,error_202
SCdF,medic/L7,60,10,3,50,success
garethbowen,medic/L7,0,0,0,0,error_202
wardle,wardle/hades,0,0,0,0,error_202
elh,wardle/hades,0,0,0,0,error_202
mocsharp,NVIDIA/clara-dicom-adapter,0,0,0,0,error_202
evberrypi,NVIDIA/clara-dicom-adapter,0,0,0,0,error_202
igobypenn,NVIDIA/clara-dicom-adapter,86,104,2,-18,success
rhdolin,elimuinformatics/vcf2fhir,0,0,0,0,error_202
Rohan-cod,elimuinformatics/vcf2fhir,44447,3873,41,40574,success
srgothi92,elimuinformatics/vcf2fhir,176196,166885,31,9311,success
Healthedata1,HL7/US-Core,0,0,0,0,error_202
brettmarquard,HL7/US-Core,0,0,0,0,error_202
hackmd-deploy,HL7/US-Core,0,0,0,0,error_202
vselvarajijay,akello-io/akello,0,0,0,0,error_202
jmb1993001,akello-io/akello,0,0,0,0,error_202
saquino0827,CMSgov/qpp-conversion-tool,0,0,0,0,exception: 'NoneType' object is not subscriptable
clydet,CMSgov/qpp-conversion-tool,0,0,0,0,exception: 'NoneType' object is not subscriptable
halprin,CMSgov/qpp-conversion-tool,0,0,0,0,error_202
liuqidong07,liuqidong07/LEADER-pytorch,0,0,0,0,error_202
rsmayda,awslabs/fhir-works-on-aws-interface,0,0,0,0,error_202
carvantes,awslabs/fhir-works-on-aws-interface,7699,7310,22,389,success
nguyen102,awslabs/fhir-works-on-aws-interface,1173,281,21,892,success
ssvegaraju,aws-solutions/fhir-works-on-aws,0,0,0,0,error_202
kcadette,aws-solutions/fhir-works-on-aws,38347,37793,31,554,success
Bingjiling,aws-solutions/fhir-works-on-aws,0,0,0,0,error_202
baowaly,baowaly/SynthEHR,0,0,0,0,error_202
jason-crowley,inferno-framework/fhir-validator-app,0,0,0,0,error_202
radamson,inferno-framework/fhir-validator-app,19,16,2,3,success
amrit110,VectorInstitute/odyssey,0,0,0,0,error_202
Adibvafa,VectorInstitute/odyssey,22415,22951,141,-536,success
pre-commit-ci[bot],VectorInstitute/odyssey,806,694,69,112,success
harshthakkar2603,harshthakkar2603/Blockchain_EHR,0,0,0,0,error_202
markiantorno,hapifhir/org.hl7.fhir.validator-wrapper,0,0,0,0,error_202
dotasek,hapifhir/org.hl7.fhir.validator-wrapper,0,0,0,0,error_202
hl7-devops,hapifhir/org.hl7.fhir.validator-wrapper,98,123,28,-25,success
mrrajeshrai,ExpertOpsAI/ModelLibrary,0,0,0,0,error_202
Aditya-9716,ExpertOpsAI/ModelLibrary,1,0,1,1,success
ChaoPang,cumc-dbmi/cehrbert,0,0,0,0,error_202
xj2193,cumc-dbmi/cehrbert,0,0,0,0,exception: 'NoneType' object is not subscriptable
nishanthpp93,cumc-dbmi/cehrbert,0,0,0,0,error_202
davidmckillop-ADHA,hl7au/au-fhir-base,0,0,0,0,error_202
brettesler-ext,hl7au/au-fhir-base,0,0,0,0,error_202
robeastwood-agency,hl7au/au-fhir-base,8111,4953,184,3158,success
LuChang-CS,LuChang-CS/MTGAN,43037,13,5,43024,success
dcarbone,dcarbone/php-fhir-generated,0,0,0,0,error_202
ritaranx,ritaranx/RAM-EHR,0,0,0,0,error_202
bartmichalak,the-momentum/fhirboard,0,0,0,0,error_202
nav-mike,the-momentum/fhirboard,152,11,8,141,success
rczern,the-momentum/fhirboard,0,0,0,0,not_contributor
RobHolme,RobHolme/HL7-Listener,0,0,0,0,error_202
niquola,fhir-schema/fhir-schema,0,0,0,0,error_202
ApricotLace,fhir-schema/fhir-schema,0,0,0,0,error_202
rublag,fhir-schema/fhir-schema,0,0,0,0,error_202
DominikCywinski,the-momentum/notetaker,76,25,8,51,success
kczpl,the-momentum/notetaker,0,0,0,0,error_202
FBegiello,the-momentum/notetaker,7422,8,6,7414,success
kyegomez,The-Swarm-Corporation/Open-MAI-Dx-Orchestrator,8010,6599,11,1411,success
harshalmore31,The-Swarm-Corporation/Open-MAI-Dx-Orchestrator,4044,1231,12,2813,success
chMatvey,OHDSI/Perseus,0,0,0,0,error_202
Windman,OHDSI/Perseus,0,0,0,0,error_202
MariaDolotova,OHDSI/Perseus,0,0,0,0,error_202
baseTwo,FirelyTeam/firely-cql-sdk,0,0,0,0,error_202
ewoutkramer,FirelyTeam/firely-cql-sdk,0,0,0,0,error_202
Copilot,FirelyTeam/firely-cql-sdk,0,0,0,0,error_202
eedrummer,mitre/fhir-server,0,0,0,0,error_202
cmoesel,mitre/fhir-server,0,0,0,0,error_202
gangcai,WGLab/EHR-Phenolyzer,0,0,0,0,error_202
kaichop,WGLab/EHR-Phenolyzer,0,0,0,0,error_202
mmcdermott,mmcdermott/comprehensive_MTL_EHR,0,0,0,0,error_202
xjtushilei,wangmengsd/pdd-graph,0,0,0,0,error_202
wangmengsd,wangmengsd/pdd-graph,0,0,0,0,error_202
mint-thompson,FHIR/GoFSH,49651,25207,90,24444,success
cmoesel,FHIR/GoFSH,86491,54239,56,32252,success
jafeltra,FHIR/GoFSH,0,0,0,0,error_202
braytonstafford,healthintellect/fhir-ui,5893,4220,8,1673,success
reidgarner,canvas-medical/mobile-patient-app,0,0,0,0,error_202
S-Romberg,canvas-medical/mobile-patient-app,0,0,0,0,error_202
modgeosys,canvas-medical/mobile-patient-app,209,0,2,209,success
v1xerunt,v1xerunt/RHealth,0,0,0,0,error_202
0794xiaobaozi,v1xerunt/RHealth,0,0,0,0,error_202
jexica0921,v1xerunt/RHealth,0,0,0,0,error_202
ismael-sarmento-jr,gt-health/GT-FHIR,0,0,0,0,error_202
myungchoi,gt-health/GT-FHIR,0,0,0,0,error_202
MikeRileyGTRI,gt-health/GT-FHIR,0,0,0,0,error_202
jmandel,jmandel/fhir-js-client,0,0,0,0,error_202
BenGlicksberg,BenGlicksberg/ROMOP,0,0,0,0,error_202
masnick,HL7/fhir-shc-vaccination-ig,0,0,0,0,error_202
nkarip,HL7/fhir-shc-vaccination-ig,0,0,0,0,error_202
Shaumik-Ashraf,HL7/fhir-shc-vaccination-ig,0,0,0,0,error_202
healthm-bot,babylonhealth/lit-fhir,0,0,0,0,error_202
alexmorley,babylonhealth/lit-fhir,0,0,0,0,error_202
Mhitchins,nhsconnect/gpconnect,0,0,0,0,error_202
james-answer,nhsconnect/gpconnect,0,0,0,0,error_202
tim1ford,nhsconnect/gpconnect,0,0,0,0,error_202
shalkam,shalkam/gql-fhir,0,0,0,0,error_202
kachok,amida-tech/mllp,0,0,0,0,error_202
madforce,amida-tech/mllp,52,27,6,25,success
mberryman,amida-tech/mllp,113,60,4,53,success
RobHolme,RobHolme/HL7-Powershell-Module,0,0,0,0,error_202
glory-kasongo-03,glory-kasongo-03/Doctor_appointment_booking_system,0,0,0,0,error_202
weimin17,weimin17/Multimodal_Transformer,3587,12,7,3575,success
imranq2,icanbwell/fhir-server,0,0,0,0,error_202
mintusah25,icanbwell/fhir-server,0,0,0,0,error_202
007sunny,icanbwell/fhir-server,0,0,0,0,error_202
palmjulia,POLAR-fhiR/fhircrackr,0,0,0,0,error_202
TPeschel,POLAR-fhiR/fhircrackr,0,0,0,0,error_202
JePrzybilla,POLAR-fhiR/fhircrackr,0,0,0,0,error_202
ruoyu-chen,ruoyu-chen/dl4ehr_papers,0,0,0,0,error_202
Arcade0,ruoyu-chen/dl4ehr_papers,0,0,0,0,error_202
jason-fries,som-shahlab/ehr-rwe,0,0,0,0,error_202
alisoncallahan,som-shahlab/ehr-rwe,0,0,0,0,error_202
nazrulworld,nazrulworld/fhirpath,0,0,0,0,error_202
simonvadee,nazrulworld/fhirpath,0,0,0,0,error_202
Jasopaum,nazrulworld/fhirpath,2008,1066,23,942,success
EricParapini-Lantanagroup,lantanagroup/stylesheets,0,0,0,0,error_202
seanmcilvenna,lantanagroup/stylesheets,0,0,0,0,error_202
minigrrl,lantanagroup/stylesheets,0,0,0,0,error_202
tiloc,tiloc/faiadashu,0,0,0,0,error_202
FireJuun,tiloc/faiadashu,0,0,0,0,error_202
flovogt,SAP/openui5-fhir,0,0,0,0,error_202
loafoe,philips-software/terraform-provider-hsdp,0,0,0,0,error_202
roopesh83,philips-software/terraform-provider-hsdp,0,0,0,0,error_202
akanduru,LHNCBC/formbuilder-lhcforms,0,0,0,0,error_202
wamorn,LHNCBC/formbuilder-lhcforms,0,0,0,0,error_202
plynchnlm,LHNCBC/formbuilder-lhcforms,0,0,0,0,error_202
muarachmann,LibreHealthIO/lh-ehr-laravel,0,0,0,0,error_202
chaitak-gorai,LibreHealthIO/lh-ehr-laravel,0,0,0,0,error_202
robbyoconnor,LibreHealthIO/lh-ehr-laravel,0,0,0,0,error_202
cmiles74,cmiles74/clojure-hl7-messaging-2-parser,3159,1999,63,1160,success
wshi83,wshi83/MedAdapter,0,0,0,0,error_202
siddythings,siddythings/system-prompts-and-models-of-ai-tools,0,0,0,0,error_202
ji-youn-kim,ji-youn-kim/EHRNoteQA,0,0,0,0,error_202
dshills,dshills/golevel7,0,0,0,0,error_202
plisitza,dshills/golevel7,640,102,26,538,success
itp-atakan,dshills/golevel7,9,4,1,5,success
carvantes,awslabs/fhir-works-on-aws-search-es,0,0,0,0,error_202
rsmayda,awslabs/fhir-works-on-aws-search-es,0,0,0,0,error_202
ssvegaraju,awslabs/fhir-works-on-aws-search-es,1207,107,16,1100,success
SevKohler,ehrbase/fhir-bridge,0,0,0,0,error_202
subigre,ehrbase/fhir-bridge,0,0,0,0,error_202
wlad,ehrbase/fhir-bridge,0,0,0,0,error_202
loafoe,philips-software/go-hsdp-api,0,0,0,0,error_202
roopesh83,philips-software/go-hsdp-api,0,0,0,0,error_202
rsmayda,awslabs/fhir-works-on-aws-authz-smart,0,0,0,0,error_202
Bingjiling,awslabs/fhir-works-on-aws-authz-smart,0,0,0,0,error_202
dehall,standardhealth/smart-react-app-template,0,0,0,0,error_202
kghoreshi,standardhealth/smart-react-app-template,592,192,9,400,success
radamson,standardhealth/smart-react-app-template,2,2,2,0,success
kingmanzhang,monarch-initiative/loinc2hpo,0,0,0,0,error_202
pnrobinson,monarch-initiative/loinc2hpo,0,0,0,0,error_202
ShahimEssaid,monarch-initiative/loinc2hpo,0,0,0,0,error_202
jas88,HicServices/SynthEHR,17554,17320,71,234,success
tznind,HicServices/SynthEHR,312994,294630,68,18364,success
rhdolin,FHIR/genomics-operations,0,0,0,0,error_202
mihaitodor,FHIR/genomics-operations,0,0,0,0,error_202
Rohan-cod,FHIR/genomics-operations,0,0,0,0,error_202
rishi-salunkhe-mettle,onc-healthit/lantern-back-end,14820,5573,161,9247,success
emichaud998,onc-healthit/lantern-back-end,0,0,0,0,not_contributor
jash-mettles,onc-healthit/lantern-back-end,7810,3292,111,4518,success
akshayswaminathan,som-shahlab/factehr,0,0,0,0,error_202
monicamunnangi,som-shahlab/factehr,19,225,9,-206,success
jason-fries,som-shahlab/factehr,0,0,0,0,error_202
carvantes,awslabs/fhir-works-on-aws-routing,0,0,0,0,error_202
rsmayda,awslabs/fhir-works-on-aws-routing,0,0,0,0,error_202
nguyen102,awslabs/fhir-works-on-aws-routing,1526,408,20,1118,success
zhywan,yy6linda/synthetic-ehr-benchmarking,0,0,0,0,error_202
yanchao0222,yy6linda/synthetic-ehr-benchmarking,19902,37,23,19865,success
yy6linda,yy6linda/synthetic-ehr-benchmarking,0,0,0,0,error_202
vadi2,health-validator/Hammer,0,0,0,0,error_202
dt-r,hl7au/au-fhir-core,74464,31519,474,42945,success
dbojicic,hl7au/au-fhir-core,22969,56755,278,-33786,success
dtr-agency,hl7au/au-fhir-core,0,0,0,0,error_202
daemel,microsoft/health-architectures,0,0,0,0,error_202
v-pbartley,microsoft/health-architectures,0,0,0,0,error_202
PaulHBartley,microsoft/health-architectures,0,0,0,0,error_202
grahamegrieve,FHIR/packages,31848954,20094834,99,11754120,success
rhausam,FHIR/packages,0,0,0,0,error_202
saulakravitz,FHIR/packages,6349,2385,10,3964,success
vlad-ignatov,smart-on-fhir/generated-sample-data,56488976,38625287,13,17863689,success
cmoesel,smart-on-fhir/generated-sample-data,1773,51,2,1722,success
mocsharp,Project-MONAI/monai-deploy-informatics-gateway,0,0,0,0,error_202
neildsouth,Project-MONAI/monai-deploy-informatics-gateway,148993,91051,110,57942,success
AnalogJ,fastenhealth/fasten-sources,0,0,0,0,error_202
packagr-io[bot],fastenhealth/fasten-sources,0,0,0,0,exception: 'NoneType' object is not subscriptable
hkamran80,fastenhealth/fasten-sources,0,0,0,0,error_202
dorlugasigal,dorlugasigal/MiniClean.Template,0,0,0,0,error_202
myoung34,ekryski/node-hl7,0,0,0,0,error_202
ekryski,ekryski/node-hl7,0,0,0,0,error_202
360disrupt,ekryski/node-hl7,0,0,0,0,error_202
KevinMayfield,nhsconnect/careconnect-reference-implementation,0,0,0,0,error_202
AndyBowes,nhsconnect/careconnect-reference-implementation,0,0,0,0,error_202
akarimisetti,nhsconnect/careconnect-reference-implementation,6463,3639,21,2824,success
niquola,niquola/fhir-schema,0,0,0,0,error_202
twilson63,niquola/fhir-schema,0,0,0,0,error_202
tripott,niquola/fhir-schema,0,0,0,0,error_202
rimiti,rimiti/hl7-object-parser,0,0,0,0,error_202
greenkeeper[bot],rimiti/hl7-object-parser,0,0,0,0,error_202
aniskand,logicahealth/InfoButtons,0,0,0,0,error_202
gdelfiol,logicahealth/InfoButtons,1402,2721,153,-1319,success
joenarus,logicahealth/InfoButtons,0,0,0,0,error_202
brianpos,brianpos/fhir-net-web-api,174917,51077,266,123840,success
mharthoorn,brianpos/fhir-net-web-api,264406,82482,69,181924,success
tiloc,brianpos/fhir-net-web-api,0,0,0,0,error_202
awatson1978,node-on-fhir/fhir-schemas,0,0,0,0,error_202
gem-uhe,gematik/api-vzd,0,0,0,0,error_202
spilikin,gematik/api-vzd,0,0,0,0,error_202
patrick-werner,gematik/api-vzd,0,0,0,0,error_202
philipdarke,philipdarke/ukbb-ehr-data,0,0,0,0,error_202
dshills,dshills/gofhir,0,0,0,0,error_202
jbuchbinder,dshills/gofhir,20,1,1,19,success
gitpushpray1,dshills/gofhir,6,2,1,4,success
duncand,cqframework/hedis-ig,0,0,0,0,error_202
brynrhodes,cqframework/hedis-ig,0,0,0,0,error_202
sliver007,cqframework/hedis-ig,16111,9147,31,6964,success
RyanWangZf,RyanWangZf/PromptEHR,0,0,0,0,error_202
Dunmail,BlackPearSw/fhirball,0,0,0,0,error_202
KevWatson,BlackPearSw/fhirball,0,0,0,0,error_202
steve1973,BlackPearSw/fhirball,0,0,0,0,error_202
jddamore,HL7/ccda-on-fhir,0,0,0,0,error_202
benjaminflessner,HL7/ccda-on-fhir,5493,2010,194,3483,success
rgeimer,HL7/ccda-on-fhir,4237666,3658438,138,579228,success
Chinlinlee,Chinlinlee/Burni,0,0,0,0,error_202
cylien,Chinlinlee/Burni,6909,23,8,6886,success
hackmd-deploy,Chinlinlee/Burni,470,1,2,469,success
davebronson,davebronson/clear-hl7-net,0,0,0,0,error_202
aarondglover,davebronson/clear-hl7-net,121733,112943,12,8790,success
Copilot,davebronson/clear-hl7-net,0,0,0,0,error_202
ivanwilliammd,ivanwilliammd/satusehat-laravel-example,0,0,0,0,error_202
Jammjammjamm,inferno-framework/inferno-core,135599,60824,268,74775,success
AlyssaWang,inferno-framework/inferno-core,157482,135243,185,22239,success
arscan,inferno-framework/inferno-core,25733,34712,73,-8979,success
Miking98,som-shahlab/hf_ehr,0,0,0,0,error_202
MiguelAFH,som-shahlab/hf_ehr,0,0,0,0,error_202
suhana13,som-shahlab/hf_ehr,0,0,0,0,error_202
yubinmimi,mimilabs/hccinfhir,0,0,0,0,error_202
lawrenceadams,OHDSI/dbt-synthea,0,0,0,0,error_202
katy-sadowski,OHDSI/dbt-synthea,0,0,0,0,error_202
vvcb,OHDSI/dbt-synthea,26857,22699,15,4158,success
j4jayant,j4jayant/hl7-cSharp-parser,0,0,0,0,error_202
lucalianas,crs4/pyEHR,0,0,0,0,error_202
sasurfer,crs4/pyEHR,0,0,0,0,error_202
asulis,crs4/pyEHR,8520,643,17,7877,success
clairblacketer,OHDSI/Themis,19687,17839,50,1848,success
MelaniePhilofsky,OHDSI/Themis,131,38,14,93,success
ericaVoss,OHDSI/Themis,39,2,7,37,success
p2,C3-PRO/c3-pro-ios-framework,0,0,0,0,error_202
Biao,google/meet-on-fhir,0,0,0,0,error_202
temporafugiunt,google/meet-on-fhir,0,0,0,0,error_202
synroborgan,nhsx/open-source-fhir-server,0,0,0,0,error_202
edent,nhsx/open-source-fhir-server,23,0,1,23,success
rsmayda,awslabs/fhir-works-on-aws-persistence-ddb,0,0,0,0,error_202
carvantes,awslabs/fhir-works-on-aws-persistence-ddb,13172,10886,20,2286,success
nguyen102,awslabs/fhir-works-on-aws-persistence-ddb,2092,243,15,1849,success
ylboerner,ylboerner/Einthoven,0,0,0,0,error_202
IgniteEndpointsBot,oracle-samples/ignite-endpoints,0,0,0,0,error_202
kolkheang,oracle-samples/ignite-endpoints,2887,205776,4,-202889,success
daliboz,oracle-samples/ignite-endpoints,5988,2,3,5986,success
cmoesel,AHRQ-CDS/AHRQ-CDS-Connect-CQL-SERVICES,0,0,0,0,error_202
mitread,AHRQ-CDS/AHRQ-CDS-Connect-CQL-SERVICES,0,0,0,0,error_202
JeffreyTaylor,AHRQ-CDS/AHRQ-CDS-Connect-CQL-SERVICES,1,1,1,0,success
thutuva,tuva-health/FHIR_inferno,0,0,0,0,error_202
sarah-tuva,tuva-health/FHIR_inferno,0,0,0,0,error_202
RamilGaripov,tuva-health/FHIR_inferno,0,0,0,0,error_202
microsoftopensource,microsoft/smart-on-fhir-app-starter-kit,0,0,0,0,error_202
SameerDoshi,microsoft/smart-on-fhir-app-starter-kit,12030,8,1,12022,success
jeffy-grh,microsoft/healthvault-fhir-library,4384,813,28,3571,success
baiju-grh,microsoft/healthvault-fhir-library,1855,395,7,1460,success
brandonpollett,microsoft/healthvault-fhir-library,7133,1473,11,5660,success
jmandel,HL7/smart-app-launch,0,0,0,0,error_202
Healthedata1,HL7/smart-app-launch,0,0,0,0,error_202
barabo,HL7/smart-app-launch,0,0,0,0,error_202
sczzz3,sczzz3/EHRDiff,0,0,0,0,error_202
Yuanhy1997,sczzz3/EHRDiff,0,0,0,0,error_202
GinoCanessa,fhir-typescript/fhir-typescript,0,0,0,0,error_202
gasperr,medblocks/openFHIR,77200,5942,35,71258,success
MadineniGunavardhan,medblocks/openFHIR,1330,1122,33,208,success
vipinsanthosh,medblocks/openFHIR,2344,1884,28,460,success
draaslan,draaslan/blood-cell-detection-dataset,0,0,0,0,error_202
zeevo,bluehalo/fhir-app-starter,0,0,0,0,error_202
Semalexa,fhir-ru/core,30297,7708,54,22589,success
niquola,fhir-ru/core,22708,19514,24,3194,success
eugenekogan-spb,fhir-ru/core,598,45,20,553,success
rcrichton,jembi/hearth,0,0,0,0,error_202
napiergit,jembi/hearth,0,0,0,0,error_202
bradsawadye,jembi/hearth,0,0,0,0,error_202
isaacvetter,HL7/cds-hooks-hl7-site,0,0,0,0,error_202
brynrhodes,HL7/cds-hooks-hl7-site,0,0,0,0,error_202
kpshek,HL7/cds-hooks-hl7-site,0,0,0,0,error_202
canon-cmi-jonathan-whitby,HL7/dicom-sr,0,0,0,0,error_202
aboufahj,HL7/dicom-sr,0,0,0,0,error_202
lmckenzi,HL7/dicom-sr,0,0,0,0,error_202
ritaranx,ritaranx/CACHE,0,0,0,0,error_202
spiros,spiros/ukb-biomarker-phenotypes,0,0,0,0,error_202
Gematik-Entwicklung,gematik/app-referencevalidator,0,0,0,0,error_202
gematik1,gematik/app-referencevalidator,0,0,0,0,error_202
alexey-tschudnowsky,gematik/app-referencevalidator,0,0,0,0,error_202
LaMMMy,LaMMMy/HL7Parser,0,0,0,0,error_202
Bensoonius,LaMMMy/HL7Parser,0,0,0,0,error_202
Bugs5382,Bugs5382/node-hl7-client,0,0,0,0,error_202
semantic-release-bot,Bugs5382/node-hl7-client,0,0,0,0,error_202
dotasek,FHIR/Ucum-java,0,0,0,0,error_202
grahamegrieve,FHIR/Ucum-java,0,0,0,0,error_202
brynrhodes,FHIR/Ucum-java,46,45,3,1,success
itsLeonB,itsLeonB/rekam-medis-elektronik,1387441,1154269,210,233172,success
mandorzqy,itsLeonB/rekam-medis-elektronik,209932,97649,19,112283,success
mauritzmauritz,itsLeonB/rekam-medis-elektronik,224,1,2,223,success
mikix,smart-on-fhir/sample-bulk-fhir-datasets,0,0,0,0,error_202
Dtphelan1,smart-on-fhir/sample-bulk-fhir-datasets,0,0,0,0,error_202
corneliouzbett,ozone-his/ozone,0,0,0,0,error_202
rbuisson,ozone-his/ozone,0,0,0,0,error_202
Ruhanga,ozone-his/ozone,0,0,0,0,error_202
pr0mila,pr0mila/MediBeng-Whisper-Tiny,0,0,0,0,error_202
renoschubert,pr0mila/MediBeng-Whisper-Tiny,0,0,0,0,not_contributor
cyanheads,cyanheads/clinicaltrialsgov-mcp-server,164108,41015,78,123093,success
pr0mila,The-Data-Dilemma/MediBeng-Whisper-Tiny,581,97,27,484,success
renoschubert,The-Data-Dilemma/MediBeng-Whisper-Tiny,0,0,0,0,not_contributor
hungnlp,hungnlp/viBioGPT,127708,3,2,127705,success
rkettelerij,avisi/jmeter-mllp-tcpclient,0,0,0,0,error_202
kwboone,kwboone/FHIR-JSON-to-XML-Converter,0,0,0,0,error_202
SaulLu,arkhn/FHIR2Dataset,0,0,0,0,error_202
LaRiffle,arkhn/FHIR2Dataset,144315,148422,39,-4107,success
MarionBla,arkhn/FHIR2Dataset,613,1060,6,-447,success
yehezkel,yehezkel/gohl7,0,0,0,0,error_202
amedrp,yehezkel/gohl7,0,0,0,0,error_202
vorband,schmalle/medpot,1,1,1,0,success
t3chn0m4g3,schmalle/medpot,0,0,0,0,error_202
mithun008,mithun008/FHIRServer,0,0,0,0,error_202
angusmillar,angusmillar/SmartHealthCard,0,0,0,0,error_202
snowke,angusmillar/SmartHealthCard,0,0,0,0,error_202
seanmcilvenna,lantanagroup/trifolia-on-fhir,0,0,0,0,error_202
bstewartlg,lantanagroup/trifolia-on-fhir,0,0,0,0,error_202
arianamihailescu,lantanagroup/trifolia-on-fhir,56632,29327,237,27305,success
nriss,Interop-Sante/hl7.fhir.fr.core,0,0,0,0,error_202
ypoiron,Interop-Sante/hl7.fhir.fr.core,0,0,0,0,error_202
Rosnyni,Interop-Sante/hl7.fhir.fr.core,143,131,5,12,success
isaacvetter,HL7/fhircast-docs,0,0,0,0,error_202
bvdh,HL7/fhircast-docs,14429,12127,171,2302,success
EricOnFHIR,HL7/fhircast-docs,1511,3137,70,-1626,success
sirkyp,HL7/genomics-reporting,0,0,0,0,error_202
patrick-werner,HL7/genomics-reporting,0,0,0,0,error_202
James-R-Jones,HL7/genomics-reporting,0,0,0,0,error_202
jameschump,NCTraCSIDSci/camp-fhir,0,0,0,0,error_202
asiyahmad,NCTraCSIDSci/camp-fhir,2268,354,96,1914,success
pikovach,NCTraCSIDSci/camp-fhir,1774934,923494,36,851440,success
peterMuriuki,onaio/fhir-web,0,0,0,0,error_202
KipSigei,onaio/fhir-web,0,0,0,0,error_202
ashfahan,onaio/fhir-web,0,0,0,0,error_202
p-hoffmann,OHDSI/Data2Evidence,0,0,0,0,exception: 'NoneType' object is not subscriptable
suwarnoong,OHDSI/Data2Evidence,0,0,0,0,exception: 'NoneType' object is not subscriptable
brandantck,OHDSI/Data2Evidence,0,0,0,0,exception: 'NoneType' object is not subscriptable
DominikCywinski,the-momentum/fhir-mcp-server,0,0,0,0,error_202
KaliszS,the-momentum/fhir-mcp-server,0,0,0,0,error_202
bartmichalak,the-momentum/fhir-mcp-server,0,0,0,0,error_202
erayhanoglu,panates/hl7v2,652007,295394,161,356613,success
srosenda,panates/hl7v2,343,52,8,291,success
soup-in-boots,panates/hl7v2,12,4,3,8,success
angusmillar,angusmillar/Deprecated-Pyro,0,0,0,0,error_202
vadi2,angusmillar/Deprecated-Pyro,1531,773,9,758,success
eug48,angusmillar/Deprecated-Pyro,0,0,0,0,error_202
hansenms,hansenms/FhirLoader,0,0,0,0,error_202
c-w,hansenms/FhirLoader,0,0,0,0,error_202
evanlucas,evanlucas/nodengine-hl7,0,0,0,0,error_202
dave92082,evanlucas/nodengine-hl7,0,0,0,0,error_202
360disrupt,evanlucas/nodengine-hl7,0,0,0,0,error_202
BLooDBRothER,openlifescience-ai/ai-deadlines,0,0,0,0,error_202
monk1337,openlifescience-ai/ai-deadlines,889,315,16,574,success
tnaumann,openlifescience-ai/ai-deadlines,5,5,3,0,success
surangak,openmrs/openmrs-module-hl7query,0,0,0,0,error_202
rkorytkowski,openmrs/openmrs-module-hl7query,2348,955,23,1393,success
dkayiwa,openmrs/openmrs-module-hl7query,1279,211,19,1068,success
cmoesel,cqframework/cql-exec-fhir,174777,41974,41,132803,success
AndrewBird81,cqframework/cql-exec-fhir,24550,21,1,24529,success
mgramigna,cqframework/cql-exec-fhir,0,0,0,0,error_202
raheelsayeed,SMARTMarkers/smartmarkers-ios,0,0,0,0,error_202
alexzautke,FirelyTeam/Fhir.Metrics,0,0,0,0,error_202
mharthoorn,FirelyTeam/Fhir.Metrics,27248,21333,46,5915,success
marcovisserFurore,FirelyTeam/Fhir.Metrics,0,0,0,0,error_202
confused-moniker,IGUHealth/IGUHealth,0,0,0,0,error_202
vorspiel-inator,IGUHealth/IGUHealth,0,0,0,0,error_202
vishnuravi,StanfordBDHG/HealthKitOnFHIR,0,0,0,0,error_202
PSchmiedmayer,StanfordBDHG/HealthKitOnFHIR,0,0,0,0,error_202
lukaskollmer,StanfordBDHG/HealthKitOnFHIR,0,0,0,0,error_202
vela1606,MitosEHR/MitosEHR-Official,0,0,0,0,error_202
rockyman2,MitosEHR/MitosEHR-Official,0,0,0,0,error_202
ejc21,MitosEHR/MitosEHR-Official,0,0,0,0,error_202
rsmayda,awslabs/fhir-works-on-aws-authz-rbac,0,0,0,0,error_202
carvantes,awslabs/fhir-works-on-aws-authz-rbac,0,0,0,0,error_202
nguyen102,awslabs/fhir-works-on-aws-authz-rbac,0,0,0,0,error_202
JohnMoehrke,IHE/fhir,32263,50810,36,-18547,success
emmanurse,IHE/fhir,8594,9037,48,-443,success
gregoriocanal,IHE/fhir,0,0,0,0,error_202
alexzautke,hl7germany/basisprofil-de-r4,0,0,0,0,error_202
patrick-werner,hl7germany/basisprofil-de-r4,0,0,0,0,error_202
ylboerner,hl7germany/basisprofil-de-r4,0,0,0,0,error_202
samson920,hms-dbmi/halyos,0,0,0,0,error_202
vsocrates,hms-dbmi/halyos,43064,20575,191,22489,success
flekschas,hms-dbmi/halyos,0,0,0,0,error_202
cloud-sean,microsoft/FitbitOnFHIR,0,0,0,0,error_202
namalu,microsoft/FitbitOnFHIR,0,0,0,0,error_202
microsoftopensource,microsoft/FitbitOnFHIR,129,0,5,129,success
sliver007,WorldHealthOrganization/smart-anc,0,0,0,0,error_202
brynrhodes,WorldHealthOrganization/smart-anc,0,0,0,0,error_202
ZackAustin,WorldHealthOrganization/smart-anc,0,0,0,0,error_202
dustn1259,dustn1259/EHRCon,0,0,0,0,error_202
jiho283,dustn1259/EHRCon,7,7,2,0,success
rbrush,cerner/bunsen-tutorial,0,0,0,0,error_202
SaxxonPike,SaxxonPike/NextLevelSeven,103725,74436,251,29289,success
kfrancis,SaxxonPike/NextLevelSeven,0,0,0,0,error_202
Dtphelan1,mcode/mcode-extraction-framework,0,0,0,0,error_202
jafeltra,mcode/mcode-extraction-framework,3785,1844,89,1941,success
julianxcarter,mcode/mcode-extraction-framework,5898,1813,104,4085,success
scotthlee,scotthlee/NRC,0,0,0,0,error_202
evbaron,LinuxForHealth/dicom-fhir-converter,0,0,0,0,error_202
tsibley,seattleflu/id3c,0,0,0,0,error_202
joverlee521,seattleflu/id3c,0,0,0,0,error_202
kairstenfay,seattleflu/id3c,0,0,0,0,error_202
brynrhodes,HL7/cql,0,0,0,0,error_202
zoedalley,HL7/cql,3663,3096,147,567,success
abdullah-git1,HL7/cql,28738,97,34,28641,success
mbellehumeur,fhircast/sandbox.js,0,0,0,0,error_202
singhashish024,fhircast/sandbox.js,0,0,0,0,error_202
JohannesOehm,JohannesOehm/FhirExtinguisher,0,0,0,0,error_202
ywarnecke,JohannesOehm/FhirExtinguisher,0,0,0,0,error_202
alexanderkiel,samply/blazectl,0,0,0,0,error_202
renovate[bot],samply/blazectl,0,0,0,0,error_202
DiCanio,samply/blazectl,1798,205,8,1593,success
jdjkelly,flexpa/awesome-fhir,0,0,0,0,error_202
awsbakha,aws-samples/fhir-hl7v2-integration-transform,0,0,0,0,error_202
amazon-auto,aws-samples/fhir-hl7v2-integration-transform,0,0,0,0,error_202
bnurzhanov,aws-samples/fhir-hl7v2-integration-transform,3,6,1,-3,success
andrewpatto,aehrc/fhir-owl,0,0,0,0,error_202
alecdorenkamp,aehrc/fhir-owl,283,55,3,228,success
fiendish,aehrc/fhir-owl,5,0,1,5,success
mchaabaoui,ansforge/annuaire-sante-fhir-documentation,0,0,0,0,error_202
zilliw,ansforge/annuaire-sante-fhir-documentation,7,8,1,-1,success
irisdp-guest-access,ansforge/annuaire-sante-fhir-documentation,4706,3147,47,1559,success
andreakreichgauer,dot-base/icd-10-api,0,0,0,0,error_202
friedow,dot-base/icd-10-api,0,0,0,0,exception: 'NoneType' object is not subscriptable
velramiir,dot-base/icd-10-api,0,0,0,0,error_202
hossenlopp,projecttacoma/fqm-execution,0,0,0,0,error_202
elsaperelli,projecttacoma/fqm-execution,0,0,0,0,error_202
lmd59,projecttacoma/fqm-execution,0,0,0,0,error_202
akiani,akiani/gym-sepsis,0,0,0,0,error_202
yhzhu99,yhzhu99/pyehr,0,0,0,0,error_202
v1xerunt,yhzhu99/pyehr,3,2,2,1,success
SYXieee,yhzhu99/pyehr,156,0,1,156,success
dbbnicole,databricks-industry-solutions/omop-cdm,0,0,0,0,error_202
yhzhu99,yhzhu99/HealthFlow,48860,42841,94,6019,success
Qyf216,yhzhu99/HealthFlow,0,0,0,0,error_202
jmandel,jmandel/kiln,0,0,0,0,error_202
niquola,fhir-fuel/fhir-fuel.github.io,0,0,0,0,error_202
dgrinberg,dgrinberg/HL7-Snoop,1651,42,5,1609,success
someyoungideas,dgrinberg/HL7-Snoop,0,0,0,0,error_202
EthanSteinberg,som-shahlab/ehr_ml,0,0,0,0,error_202
jonathanlli,som-shahlab/ehr_ml,0,0,0,0,error_202
Siyun96,som-shahlab/ehr_ml,0,0,0,0,error_202
athiththan11,athiththan11/FHIR-to-Swagger,0,0,0,0,error_202
Kaleidophon,Pacmed/ehr_ood_detection,0,0,0,0,error_202
Giovannicina,Pacmed/ehr_ood_detection,0,0,0,0,error_202
LMeijerink,Pacmed/ehr_ood_detection,0,0,0,0,error_202
caspears,HL7/carin-bb,0,0,0,0,error_202
saulakravitz,HL7/carin-bb,0,0,0,0,error_202
amol-vyas,HL7/carin-bb,0,0,0,0,error_202
dionmcm,AuDigitalHealth/medserve,0,0,0,0,error_202
johngrimes,AuDigitalHealth/medserve,307,28,17,279,success
stav09,AuDigitalHealth/medserve,23,17,4,6,success
chrisby,chrisby/ml-on-fhir,969890,966567,145,3323,success
oliveregger,ahdis/fhir-mapping-tutorial,0,0,0,0,error_202
alexzautke,ahdis/fhir-mapping-tutorial,1325,225,27,1100,success
Dokotela,ahdis/fhir-mapping-tutorial,0,0,0,0,error_202
lhs-open,lhs-open/synthetic-data,0,0,0,0,error_202
ajchen,lhs-open/synthetic-data,0,0,0,0,error_202
JPercival,cqframework/cqf-tooling,0,0,0,0,error_202
brynrhodes,cqframework/cqf-tooling,0,0,0,0,error_202
sliver007,cqframework/cqf-tooling,0,0,0,0,error_202
mujiyantosvc,mujiyantosvc/Facial-Expression-Recognition-FER-for-Mental-Health-Detection-,989,346,19,643,success
dermatologist,dermatologist/kedro-multimodal,0,0,0,0,error_202
ocrickard,ocrickard/fhir-rs,0,0,0,0,error_202
ongrid,OnGridSystems/PatientControlledElectronicHealthRecords,0,0,0,0,error_202
hansenms,hansenms/FhirDemo,0,0,0,0,error_202
brianpos,brianpos/FhirPathTester,36272,33243,58,3029,success
bkaney,Vermonster/fhir-kit-mapping-language,0,0,0,0,error_202
johnpaulett,johnpaulett/txHL7,0,0,0,0,error_202
rectalogic,johnpaulett/txHL7,0,0,0,0,error_202
lowks,johnpaulett/txHL7,0,0,0,0,error_202
sajaddarabi,sajaddarabi/TAPER-EHR,0,0,0,0,error_202
ABDA-FHIR,DAV-ABDA/eRezept-Referenzvalidator,0,0,0,0,error_202
RupprechJo,DAV-ABDA/eRezept-Referenzvalidator,2205,642,31,1563,success
murnic,DAV-ABDA/eRezept-Referenzvalidator,0,0,0,0,error_202
dermatologist,dermatologist/fhir-questionnaire-render-react,24299,22387,75,1912,success
awatson1978,node-on-fhir/fhir-starter,0,0,0,0,error_202
Bikash-bluebash,BlueBash/abdm-ruby,0,0,0,0,error_202
mint-thompson,FHIR/vscode-fsh,0,0,0,0,error_202
jafeltra,FHIR/vscode-fsh,0,0,0,0,error_202
cmoesel,FHIR/vscode-fsh,0,0,0,0,error_202
rhausam,HL7/fhir-ips,0,0,0,0,error_202
jddamore,HL7/fhir-ips,0,0,0,0,error_202
gcangioli,HL7/fhir-ips,0,0,0,0,error_202
rukshn,zemantic/fhir-auth,0,0,0,0,error_202
angeloziletti,Bayer-Group/text-to-sql-epi-ehr-naacl2024,0,0,0,0,error_202
jlspencer8,FortaTech/prompts-for-health,0,0,0,0,error_202
m-toufeeq,MohsinRazaKhanSipra/EHR-django,0,0,0,0,error_202
MohsinRazaKhanSipra,MohsinRazaKhanSipra/EHR-django,112,43,4,69,success
juanlopezcode,AI4HealthUOL/MDS-ED,0,0,0,0,error_202
HealthInnovators,HealthInnovators/MedChat-AI,0,0,0,0,error_202
msvasavada,HealthInnovators/MedChat-AI,0,0,0,0,error_202
timgetz,arcweb/arcwell,75853,31112,63,44741,success
mberlin-arcweb,arcweb/arcwell,20491,2789,56,17702,success
tmolumby,arcweb/arcwell,26260,14767,44,11493,success
ruscoder,beda-software/FHIRPathMappingLanguage,0,0,0,0,error_202
ir4y,beda-software/FHIRPathMappingLanguage,35073,5960,26,29113,success
dmitryashutov,beda-software/FHIRPathMappingLanguage,23528,23334,19,194,success
JensVercruysse,amaron-team/fhindr,0,0,0,0,error_202
KongLongGeFDU,llmeval/LLMEval-Med,0,0,0,0,error_202
ruthlessdrifter,llmeval/LLMEval-Med,0,0,0,0,error_202
thomiz,HL7Norway/best-practice,0,0,0,0,error_202
oaassv,HL7Norway/best-practice,555,278,133,277,success
rockphotog,HL7Norway/best-practice,837,471,109,366,success
AlexJSully,verily-src/fhirpath-go,0,0,0,0,error_202
VickSuresh,verily-src/fhirpath-go,0,0,0,0,error_202
alexlaurinmath,verily-src/fhirpath-go,0,0,0,0,error_202
jjgriff93,SAFEHR-data/FlowEHR,0,0,0,0,error_202
t-young31,SAFEHR-data/FlowEHR,31587,974,37,30613,success
damoodamoo,SAFEHR-data/FlowEHR,0,0,0,0,error_202
gotdan,gotdan/flatquack,0,0,0,0,error_202
nhunguet,nhunguet/AI4healthcare,0,0,0,0,error_202
pjs990301,nhunguet/AI4healthcare,0,0,0,0,error_202
Dev-MerB,nhunguet/AI4healthcare,0,0,0,0,error_202
heathfrankel,hl7au/au-fhir-test-data,0,0,0,0,error_202
StephThaoOng,hl7au/au-fhir-test-data,13570,11227,77,2343,success
ir4y,hl7au/au-fhir-test-data,0,0,0,0,error_202
seonhee99,seonhee99/EHR-SeqSQL,0,0,0,0,error_202
GinoCanessa,FHIR/fhir-candle,0,0,0,0,error_202
bvdh,FHIR/fhir-candle,0,0,0,0,error_202
jmandel,FHIR/fhir-candle,0,0,0,0,error_202
danygammall,google/fhir-dbt-utils,0,0,0,0,error_202
taraojo,google/fhir-dbt-utils,0,0,0,0,error_202
DaveraGabriel,HL7/fhir-omop-ig,0,0,0,0,error_202
jduteau,HL7/fhir-omop-ig,0,0,0,0,error_202
wtroddy,HL7/fhir-omop-ig,3,3,1,0,success
hhund,datasharingframework/dsf,0,0,0,0,error_202
wetret,datasharingframework/dsf,111151,137845,431,-26694,success
schwzr,datasharingframework/dsf,666,154,17,512,success
Thopap,oehf/xds-registry-to-fhir,0,0,0,0,error_202
walcovanloon,oehf/xds-registry-to-fhir,519,73,3,446,success
unixoid,oehf/xds-registry-to-fhir,2,2,1,0,success
fhirfly,fhirfly/fhirpower,0,0,0,0,error_202
howardchanth,HKU-MedAI/MulT-EHR,0,0,0,0,error_202
badmonster0,cocoindex-io/patient-intake-extraction,0,0,0,0,error_202
pr0mila,pr0mila/MediRag-Guard,0,0,0,0,error_202
nazrulworld,nazrulworld/fhir-core,0,0,0,0,error_202
bwalsh,nazrulworld/fhir-core,0,0,0,0,error_202
dacasals-tw,nazrulworld/fhir-core,0,0,0,0,error_202
erikhoward,erikhoward/azure-fhir-mcp-server,0,0,0,0,error_202
bradhead,zedwerks/keycloak-smart-fhir,0,0,0,0,error_202
dermatologist,329162516/medprompt,0,0,0,0,error_202
AI-Hub-Admin,AI-Hub-Admin/HealthcareAgent,4648,62,22,4586,success
Bugs5382,Bugs5382/node-hl7-server,0,0,0,0,error_202
semantic-release-bot,Bugs5382/node-hl7-server,0,0,0,0,error_202
alimoezzi,alimoezzi/ReportQL,11025,118,8,10907,success
lvwerra,alimoezzi/ReportQL,0,0,0,0,error_202
ji-youn-kim,ji-youn-kim/EHRFL,2449,200,14,2249,success
brianaltan,VarionAI/varion,0,0,0,0,error_202
aldenbudiman,VarionAI/varion,0,0,0,0,error_202
Anders35,VarionAI/varion,0,0,0,0,error_202
chaseastewart,chaseastewart/fhir-converter,0,0,0,0,error_202
liux3138,drmuskangarg/SLMs-in-healthcare,0,0,0,0,error_202
drmuskangarg,drmuskangarg/SLMs-in-healthcare,0,0,0,0,error_202
5HT,erpuno/hl7,0,0,0,0,error_202
csande,canvas-medical/pydian,0,0,0,0,error_202
chenxran,chenxran/synthEHRella,0,0,0,0,error_202
zhenkewu,chenxran/synthEHRella,0,0,0,0,error_202
Fieldry,yhzhu99/ehr-llm-benchmark,14917,5442,197,9475,success
yhzhu99,yhzhu99/ehr-llm-benchmark,13606,8947,62,4659,success
v1xerunt,yhzhu99/ehr-llm-benchmark,2799,17,5,2782,success
PRITHIVSAKTHIUR,PRITHIVSAKTHIUR/EHRM-Website,0,0,0,0,error_202
JclnJ,PRITHIVSAKTHIUR/EHRM-Website,0,0,0,0,error_202
Kamesh-T,PRITHIVSAKTHIUR/EHRM-Website,9436,0,1,9436,success
blengerich,AdaptInfer/clehrity,0,0,0,0,error_202
wangziyu99,wangziyu99/HealthQ-LLM-Healthcare-Benchmark,3143,5,3,3138,success
ChaoPang,reAIM-Lab/ehr_foundation_model_benchmark,0,0,0,0,error_202
florian6973,reAIM-Lab/ehr_foundation_model_benchmark,3866,160,21,3706,success
shalmalijoshi,reAIM-Lab/ehr_foundation_model_benchmark,1511,0,1,1511,success
jobucher,cistec-com/openEHR2FHIRquestionnaire,0,0,0,0,error_202
gmickel,cistec-com/openEHR2FHIRquestionnaire,0,0,0,0,error_202
platzhersh,cistec-com/openEHR2FHIRquestionnaire,2,1,1,1,success
joamats,aiwonglab/ehrmonize,0,0,0,0,error_202
aianwong,aiwonglab/ehrmonize,0,0,0,0,error_202
xinyuejohn,theislab/ehrdata,0,0,0,0,error_202
eroell,theislab/ehrdata,0,0,0,0,error_202
pre-commit-ci[bot],theislab/ehrdata,3962,4659,62,-697,success
dek924,dek924/EHRXDiff,0,0,0,0,error_202
csmariano,PRAISELab-PicusLab/CER-Fact-Checking,0,0,0,0,error_202
LaErre9,PRAISELab-PicusLab/CER-Fact-Checking,0,0,0,0,error_202
giuseppericcio,PRAISELab-PicusLab/CER-Fact-Checking,0,0,0,0,error_202
kirilklein,FGA-DIKU/EHR,0,0,0,0,error_202
Montgomeryyyy,FGA-DIKU/EHR,0,0,0,0,error_202
mikkelfo,FGA-DIKU/EHR,0,0,0,0,error_202
jy95,jy95/fhir-dosage-utils,0,0,0,0,error_202
smals-jy,jy95/fhir-dosage-utils,0,0,0,0,error_202
phosseini,lavita-ai/medical-eval-sphere,0,0,0,0,error_202
J3lly-sec,WithSecureLabs/hl7magic,0,0,0,0,error_202
TornadoAzul,septerional/sep-1,0,0,0,0,error_202
kruzikh,Xt-EHR/xt-ehr-common,0,0,0,0,error_202
rlindstrm,Xt-EHR/xt-ehr-common,6914,4778,201,2136,success
danka74,Xt-EHR/xt-ehr-common,0,0,0,0,error_202
mjosborne1,hl7au/au-fhir-erequesting,0,0,0,0,error_202
JayMurdoch,hl7au/au-fhir-erequesting,0,0,0,0,error_202
dbojicic,hl7au/au-fhir-erequesting,435441,6955,81,428486,success
kelkalot,kelkalot/normedqa,0,0,0,0,error_202
mikix,smart-on-fhir/cumulus,0,0,0,0,error_202
dogversioning,smart-on-fhir/cumulus,0,0,0,0,error_202
Artessay,Artessay/DearLLM,0,0,0,0,error_202
HowieHsu0126,HowieHsu0126/AwesomeEHR,0,0,0,0,error_202
STYAI,HowieHsu0126/AwesomeEHR,0,0,0,0,error_202
bramwesselo,SanteonNL/shared-care-planning,0,0,0,0,error_202
rolandgroen,SanteonNL/shared-care-planning,23523,11978,51,11545,success
jorritspee,SanteonNL/shared-care-planning,0,0,0,0,error_202
EternityYW,EternityYW/FairEHR-CLP,0,0,0,0,error_202
ericpan64,Stoa-Medical/Portico,0,0,0,0,error_202
aychtang,Stoa-Medical/Portico,13810,9819,57,3991,success
dbajet,canvas-medical/canvas-hyperscribe,0,0,0,0,error_202
andhines,canvas-medical/canvas-hyperscribe,7298,2557,96,4741,success
aaryanxshah,canvas-medical/canvas-hyperscribe,0,0,0,0,error_202
ericpan64,ericpan64/chidian,0,0,0,0,error_202
